,DataSet,TotalFeat,Range,Round 1,Round 2,Round 3,Average
689,Actor,932,689,0.2723684210526316,0.2631578947368421,0.26052631578947366,0.26535087719298245
47,Actor,932,47,0.2631578947368421,0.26973684210526316,0.2644736842105263,0.2657894736842105
35,Actor,932,35,0.26842105263157895,0.26842105263157895,0.2657894736842105,0.2675438596491228
278,Actor,932,278,0.275,0.2578947368421053,0.26973684210526316,0.2675438596491228
847,Actor,932,847,0.26052631578947366,0.2513157894736842,0.29078947368421054,0.2675438596491228
553,Actor,932,553,0.2710526315789474,0.2644736842105263,0.26842105263157895,0.2679824561403508
543,Actor,932,543,0.26052631578947366,0.2710526315789474,0.2723684210526316,0.2679824561403509
286,Actor,932,286,0.2723684210526316,0.2644736842105263,0.26710526315789473,0.2679824561403509
201,Actor,932,201,0.275,0.2565789473684211,0.2723684210526316,0.26798245614035093
697,Actor,932,697,0.25921052631578945,0.2723684210526316,0.275,0.268859649122807
462,Actor,932,462,0.2723684210526316,0.26842105263157895,0.2657894736842105,0.268859649122807
330,Actor,932,330,0.26842105263157895,0.275,0.2631578947368421,0.268859649122807
176,Actor,932,176,0.26842105263157895,0.25526315789473686,0.28289473684210525,0.268859649122807
662,Actor,932,662,0.28157894736842104,0.25394736842105264,0.2710526315789474,0.268859649122807
325,Actor,932,325,0.27631578947368424,0.25526315789473686,0.2776315789473684,0.2697368421052632
642,Actor,932,642,0.275,0.275,0.26052631578947366,0.27017543859649124
359,Actor,932,359,0.275,0.2710526315789474,0.2644736842105263,0.27017543859649124
571,Actor,932,571,0.2657894736842105,0.28421052631578947,0.2618421052631579,0.2706140350877193
453,Actor,932,453,0.2657894736842105,0.27631578947368424,0.26973684210526316,0.2706140350877193
54,Actor,932,54,0.26052631578947366,0.2789473684210526,0.2723684210526316,0.2706140350877193
32,Actor,932,32,0.28421052631578947,0.26973684210526316,0.26052631578947366,0.2714912280701754
663,Actor,932,663,0.2736842105263158,0.2789473684210526,0.2618421052631579,0.2714912280701754
140,Actor,932,140,0.2723684210526316,0.2723684210526316,0.26973684210526316,0.27149122807017545
914,Actor,932,914,0.2723684210526316,0.2776315789473684,0.2644736842105263,0.27149122807017545
399,Actor,932,399,0.2776315789473684,0.2723684210526316,0.2644736842105263,0.27149122807017545
98,Actor,932,98,0.275,0.26710526315789473,0.2723684210526316,0.27149122807017545
200,Actor,932,200,0.2618421052631579,0.2802631578947368,0.2736842105263158,0.27192982456140347
283,Actor,932,283,0.2776315789473684,0.2776315789473684,0.26052631578947366,0.27192982456140347
820,Actor,932,820,0.2789473684210526,0.2736842105263158,0.2631578947368421,0.27192982456140347
797,Actor,932,797,0.28157894736842104,0.2723684210526316,0.2618421052631579,0.2719298245614035
6,Actor,932,6,0.2618421052631579,0.2789473684210526,0.275,0.2719298245614035
554,Actor,932,554,0.2736842105263158,0.2881578947368421,0.25394736842105264,0.2719298245614035
484,Actor,932,484,0.2631578947368421,0.2723684210526316,0.28157894736842104,0.27236842105263154
323,Actor,932,323,0.27631578947368424,0.275,0.2657894736842105,0.2723684210526316
174,Actor,932,174,0.2723684210526316,0.26710526315789473,0.2776315789473684,0.2723684210526316
226,Actor,932,226,0.2723684210526316,0.2644736842105263,0.28157894736842104,0.27280701754385966
457,Actor,932,457,0.28421052631578947,0.26842105263157895,0.2657894736842105,0.27280701754385966
584,Actor,932,584,0.2710526315789474,0.2736842105263158,0.2736842105263158,0.27280701754385966
450,Actor,932,450,0.26710526315789473,0.28289473684210525,0.26842105263157895,0.27280701754385966
180,Actor,932,180,0.2789473684210526,0.26842105263157895,0.2710526315789474,0.27280701754385966
432,Actor,932,432,0.25394736842105264,0.28157894736842104,0.28421052631578947,0.2732456140350877
552,Actor,932,552,0.25921052631578945,0.28157894736842104,0.2789473684210526,0.2732456140350877
789,Actor,932,789,0.275,0.2723684210526316,0.2723684210526316,0.27324561403508774
541,Actor,932,541,0.26710526315789473,0.2776315789473684,0.275,0.27324561403508774
388,Actor,932,388,0.26973684210526316,0.2631578947368421,0.2868421052631579,0.27324561403508774
456,Actor,932,456,0.28289473684210525,0.2644736842105263,0.2736842105263158,0.27368421052631575
373,Actor,932,373,0.29605263157894735,0.25921052631578945,0.2657894736842105,0.27368421052631575
729,Actor,932,729,0.2736842105263158,0.2736842105263158,0.2736842105263158,0.2736842105263158
913,Actor,932,913,0.2723684210526316,0.28289473684210525,0.2657894736842105,0.2736842105263158
151,Actor,932,151,0.2776315789473684,0.2723684210526316,0.2710526315789474,0.2736842105263158
751,Actor,932,751,0.2723684210526316,0.2802631578947368,0.26973684210526316,0.2741228070175438
228,Actor,932,228,0.2736842105263158,0.2789473684210526,0.26973684210526316,0.2741228070175438
264,Actor,932,264,0.26973684210526316,0.2710526315789474,0.28157894736842104,0.2741228070175438
483,Actor,932,483,0.26710526315789473,0.2802631578947368,0.275,0.2741228070175438
587,Actor,932,587,0.26710526315789473,0.2802631578947368,0.275,0.2741228070175438
434,Actor,932,434,0.2802631578947368,0.28157894736842104,0.26052631578947366,0.2741228070175439
690,Actor,932,690,0.3118421052631579,0.24736842105263157,0.2631578947368421,0.2741228070175439
826,Actor,932,826,0.2710526315789474,0.2789473684210526,0.2723684210526316,0.2741228070175439
170,Actor,932,170,0.2855263157894737,0.2736842105263158,0.2631578947368421,0.2741228070175439
427,Actor,932,427,0.2723684210526316,0.2736842105263158,0.27631578947368424,0.2741228070175439
621,Actor,932,621,0.28421052631578947,0.2802631578947368,0.25921052631578945,0.2745614035087719
459,Actor,932,459,0.2723684210526316,0.2710526315789474,0.2802631578947368,0.27456140350877195
173,Actor,932,173,0.27631578947368424,0.26973684210526316,0.2776315789473684,0.27456140350877195
895,Actor,932,895,0.26710526315789473,0.2723684210526316,0.28421052631578947,0.27456140350877195
582,Actor,932,582,0.2710526315789474,0.2881578947368421,0.2644736842105263,0.27456140350877195
444,Actor,932,444,0.26842105263157895,0.2789473684210526,0.27631578947368424,0.27456140350877195
141,Actor,932,141,0.28157894736842104,0.2802631578947368,0.2618421052631579,0.27456140350877195
11,Actor,932,11,0.2802631578947368,0.275,0.26842105263157895,0.27456140350877195
199,Actor,932,199,0.26710526315789473,0.2723684210526316,0.28421052631578947,0.27456140350877195
832,Actor,932,832,0.28157894736842104,0.2565789473684211,0.2855263157894737,0.27456140350877195
466,Actor,932,466,0.27631578947368424,0.26973684210526316,0.2789473684210526,0.27499999999999997
496,Actor,932,496,0.2736842105263158,0.2618421052631579,0.2894736842105263,0.27499999999999997
618,Actor,932,618,0.28157894736842104,0.2802631578947368,0.2631578947368421,0.27499999999999997
392,Actor,932,392,0.26973684210526316,0.2881578947368421,0.26710526315789473,0.27499999999999997
480,Actor,932,480,0.2723684210526316,0.2776315789473684,0.275,0.275
504,Actor,932,504,0.2736842105263158,0.2789473684210526,0.2736842105263158,0.27543859649122804
166,Actor,932,166,0.2723684210526316,0.2802631578947368,0.2736842105263158,0.27543859649122804
859,Actor,932,859,0.2802631578947368,0.26842105263157895,0.2776315789473684,0.27543859649122804
396,Actor,932,396,0.2710526315789474,0.28157894736842104,0.2736842105263158,0.27543859649122804
406,Actor,932,406,0.2894736842105263,0.2736842105263158,0.2631578947368421,0.27543859649122804
542,Actor,932,542,0.2868421052631579,0.2776315789473684,0.2618421052631579,0.27543859649122804
810,Actor,932,810,0.28289473684210525,0.26842105263157895,0.275,0.2754385964912281
401,Actor,932,401,0.29342105263157897,0.2710526315789474,0.2618421052631579,0.2754385964912281
869,Actor,932,869,0.2657894736842105,0.29078947368421054,0.26973684210526316,0.2754385964912281
0,Actor,932,0,0.2776315789473684,0.2736842105263158,0.275,0.2754385964912281
525,Actor,932,525,0.28421052631578947,0.26973684210526316,0.2723684210526316,0.2754385964912281
361,Actor,932,361,0.275,0.28289473684210525,0.26973684210526316,0.2758771929824561
491,Actor,932,491,0.2789473684210526,0.25921052631578945,0.2894736842105263,0.2758771929824561
383,Actor,932,383,0.2710526315789474,0.2776315789473684,0.2789473684210526,0.2758771929824561
7,Actor,932,7,0.28289473684210525,0.26973684210526316,0.275,0.2758771929824561
575,Actor,932,575,0.2710526315789474,0.28157894736842104,0.275,0.2758771929824561
322,Actor,932,322,0.2789473684210526,0.26842105263157895,0.2802631578947368,0.2758771929824561
60,Actor,932,60,0.2723684210526316,0.2776315789473684,0.2776315789473684,0.27587719298245617
144,Actor,932,144,0.26710526315789473,0.2894736842105263,0.2710526315789474,0.27587719298245617
558,Actor,932,558,0.27631578947368424,0.26710526315789473,0.28421052631578947,0.27587719298245617
559,Actor,932,559,0.2855263157894737,0.2736842105263158,0.26842105263157895,0.27587719298245617
448,Actor,932,448,0.275,0.2789473684210526,0.2736842105263158,0.27587719298245617
169,Actor,932,169,0.275,0.2736842105263158,0.2789473684210526,0.27587719298245617
343,Actor,932,343,0.28421052631578947,0.2723684210526316,0.2710526315789474,0.27587719298245617
409,Actor,932,409,0.26842105263157895,0.275,0.28421052631578947,0.27587719298245617
586,Actor,932,586,0.26710526315789473,0.26710526315789473,0.29342105263157897,0.27587719298245617
20,Actor,932,20,0.2644736842105263,0.2894736842105263,0.2736842105263158,0.27587719298245617
577,Actor,932,577,0.27631578947368424,0.275,0.2776315789473684,0.27631578947368424
816,Actor,932,816,0.28157894736842104,0.2723684210526316,0.275,0.27631578947368424
700,Actor,932,700,0.27631578947368424,0.28157894736842104,0.2710526315789474,0.27631578947368424
675,Actor,932,675,0.2710526315789474,0.2855263157894737,0.2723684210526316,0.27631578947368424
384,Actor,932,384,0.26842105263157895,0.27631578947368424,0.28421052631578947,0.27631578947368424
416,Actor,932,416,0.275,0.2789473684210526,0.275,0.27631578947368424
152,Actor,932,152,0.29210526315789476,0.2710526315789474,0.2657894736842105,0.27631578947368424
90,Actor,932,90,0.2776315789473684,0.2776315789473684,0.2736842105263158,0.27631578947368424
68,Actor,932,68,0.2710526315789474,0.2894736842105263,0.26842105263157895,0.27631578947368424
328,Actor,932,328,0.2657894736842105,0.28289473684210525,0.2802631578947368,0.27631578947368424
414,Actor,932,414,0.2802631578947368,0.2723684210526316,0.2776315789473684,0.27675438596491225
814,Actor,932,814,0.27631578947368424,0.26842105263157895,0.2855263157894737,0.27675438596491225
105,Actor,932,105,0.30394736842105263,0.25526315789473686,0.2710526315789474,0.27675438596491225
158,Actor,932,158,0.2723684210526316,0.29078947368421054,0.26710526315789473,0.27675438596491225
284,Actor,932,284,0.2710526315789474,0.2736842105263158,0.2855263157894737,0.27675438596491225
573,Actor,932,573,0.2789473684210526,0.26973684210526316,0.28157894736842104,0.27675438596491225
919,Actor,932,919,0.2736842105263158,0.28289473684210525,0.2736842105263158,0.27675438596491225
349,Actor,932,349,0.28289473684210525,0.2723684210526316,0.275,0.2767543859649123
764,Actor,932,764,0.2802631578947368,0.2736842105263158,0.2776315789473684,0.2771929824561403
770,Actor,932,770,0.2736842105263158,0.28421052631578947,0.2736842105263158,0.2771929824561403
274,Actor,932,274,0.2855263157894737,0.2776315789473684,0.26842105263157895,0.2771929824561403
295,Actor,932,295,0.2644736842105263,0.2868421052631579,0.2802631578947368,0.2771929824561403
538,Actor,932,538,0.26973684210526316,0.28157894736842104,0.2802631578947368,0.2771929824561403
335,Actor,932,335,0.2710526315789474,0.2868421052631579,0.2736842105263158,0.2771929824561403
907,Actor,932,907,0.2723684210526316,0.2789473684210526,0.2802631578947368,0.2771929824561403
415,Actor,932,415,0.2710526315789474,0.2802631578947368,0.2802631578947368,0.2771929824561403
447,Actor,932,447,0.28421052631578947,0.26973684210526316,0.2776315789473684,0.2771929824561403
88,Actor,932,88,0.26052631578947366,0.2736842105263158,0.29736842105263156,0.2771929824561403
412,Actor,932,412,0.26842105263157895,0.2789473684210526,0.28421052631578947,0.2771929824561403
732,Actor,932,732,0.2776315789473684,0.275,0.2789473684210526,0.2771929824561403
495,Actor,932,495,0.2736842105263158,0.2776315789473684,0.2802631578947368,0.2771929824561403
724,Actor,932,724,0.26842105263157895,0.2657894736842105,0.29736842105263156,0.2771929824561403
511,Actor,932,511,0.28289473684210525,0.2710526315789474,0.2776315789473684,0.2771929824561403
738,Actor,932,738,0.2776315789473684,0.26842105263157895,0.2855263157894737,0.2771929824561403
747,Actor,932,747,0.2776315789473684,0.28289473684210525,0.2710526315789474,0.2771929824561403
345,Actor,932,345,0.2710526315789474,0.2723684210526316,0.2881578947368421,0.2771929824561404
70,Actor,932,70,0.275,0.2736842105263158,0.28289473684210525,0.2771929824561404
711,Actor,932,711,0.2802631578947368,0.27631578947368424,0.275,0.2771929824561404
314,Actor,932,314,0.2657894736842105,0.26710526315789473,0.2986842105263158,0.2771929824561404
654,Actor,932,654,0.28289473684210525,0.2723684210526316,0.27631578947368424,0.2771929824561404
318,Actor,932,318,0.2723684210526316,0.2789473684210526,0.28157894736842104,0.2776315789473684
193,Actor,932,193,0.26842105263157895,0.2855263157894737,0.2789473684210526,0.2776315789473684
337,Actor,932,337,0.2802631578947368,0.2855263157894737,0.26710526315789473,0.2776315789473684
312,Actor,932,312,0.28289473684210525,0.2657894736842105,0.28421052631578947,0.2776315789473684
671,Actor,932,671,0.2881578947368421,0.26973684210526316,0.275,0.2776315789473684
37,Actor,932,37,0.2881578947368421,0.26973684210526316,0.275,0.2776315789473684
208,Actor,932,208,0.2789473684210526,0.275,0.2789473684210526,0.2776315789473684
503,Actor,932,503,0.26842105263157895,0.2723684210526316,0.29210526315789476,0.2776315789473684
317,Actor,932,317,0.26710526315789473,0.2868421052631579,0.2789473684210526,0.2776315789473684
331,Actor,932,331,0.2855263157894737,0.28421052631578947,0.2631578947368421,0.2776315789473684
397,Actor,932,397,0.2789473684210526,0.275,0.2789473684210526,0.2776315789473684
120,Actor,932,120,0.28421052631578947,0.2736842105263158,0.275,0.2776315789473684
566,Actor,932,566,0.27631578947368424,0.2789473684210526,0.2776315789473684,0.27763157894736845
838,Actor,932,838,0.29342105263157897,0.2618421052631579,0.2776315789473684,0.27763157894736845
916,Actor,932,916,0.2855263157894737,0.2644736842105263,0.28289473684210525,0.27763157894736845
253,Actor,932,253,0.2855263157894737,0.2644736842105263,0.28289473684210525,0.27763157894736845
395,Actor,932,395,0.2736842105263158,0.2881578947368421,0.2710526315789474,0.27763157894736845
168,Actor,932,168,0.2776315789473684,0.28421052631578947,0.2710526315789474,0.27763157894736845
394,Actor,932,394,0.26973684210526316,0.29210526315789476,0.2710526315789474,0.27763157894736845
45,Actor,932,45,0.27631578947368424,0.2789473684210526,0.2776315789473684,0.27763157894736845
177,Actor,932,177,0.2736842105263158,0.27631578947368424,0.28289473684210525,0.27763157894736845
460,Actor,932,460,0.28157894736842104,0.2776315789473684,0.275,0.27807017543859647
351,Actor,932,351,0.2618421052631579,0.29736842105263156,0.275,0.27807017543859647
526,Actor,932,526,0.26973684210526316,0.2855263157894737,0.2789473684210526,0.2780701754385965
179,Actor,932,179,0.2776315789473684,0.2894736842105263,0.26710526315789473,0.2780701754385965
578,Actor,932,578,0.27631578947368424,0.2710526315789474,0.2868421052631579,0.2780701754385965
699,Actor,932,699,0.275,0.2868421052631579,0.2723684210526316,0.2780701754385965
528,Actor,932,528,0.28289473684210525,0.2855263157894737,0.2657894736842105,0.2780701754385965
802,Actor,932,802,0.2868421052631579,0.27631578947368424,0.2710526315789474,0.2780701754385965
103,Actor,932,103,0.26710526315789473,0.27631578947368424,0.29078947368421054,0.2780701754385965
557,Actor,932,557,0.26973684210526316,0.2894736842105263,0.275,0.2780701754385965
342,Actor,932,342,0.2802631578947368,0.2776315789473684,0.27631578947368424,0.2780701754385965
211,Actor,932,211,0.2710526315789474,0.2855263157894737,0.2776315789473684,0.2780701754385965
655,Actor,932,655,0.2881578947368421,0.2789473684210526,0.26710526315789473,0.2780701754385965
81,Actor,932,81,0.2802631578947368,0.26842105263157895,0.2855263157894737,0.2780701754385965
420,Actor,932,420,0.2618421052631579,0.29210526315789476,0.2802631578947368,0.2780701754385965
84,Actor,932,84,0.275,0.2881578947368421,0.2710526315789474,0.2780701754385965
240,Actor,932,240,0.2789473684210526,0.2736842105263158,0.28289473684210525,0.27850877192982454
793,Actor,932,793,0.2736842105263158,0.2894736842105263,0.2723684210526316,0.27850877192982454
309,Actor,932,309,0.27631578947368424,0.2789473684210526,0.2802631578947368,0.27850877192982454
136,Actor,932,136,0.2710526315789474,0.29736842105263156,0.26710526315789473,0.27850877192982454
443,Actor,932,443,0.2710526315789474,0.28421052631578947,0.2802631578947368,0.27850877192982454
686,Actor,932,686,0.2776315789473684,0.2855263157894737,0.2723684210526316,0.27850877192982454
771,Actor,932,771,0.29210526315789476,0.2644736842105263,0.2789473684210526,0.27850877192982454
219,Actor,932,219,0.29210526315789476,0.2657894736842105,0.2776315789473684,0.27850877192982454
570,Actor,932,570,0.2723684210526316,0.2802631578947368,0.28289473684210525,0.27850877192982454
223,Actor,932,223,0.2644736842105263,0.275,0.29605263157894735,0.27850877192982454
291,Actor,932,291,0.275,0.2881578947368421,0.2723684210526316,0.27850877192982454
660,Actor,932,660,0.29342105263157897,0.2657894736842105,0.27631578947368424,0.27850877192982454
3,Actor,932,3,0.2631578947368421,0.28421052631578947,0.2881578947368421,0.27850877192982454
364,Actor,932,364,0.28421052631578947,0.2723684210526316,0.2789473684210526,0.27850877192982454
276,Actor,932,276,0.28157894736842104,0.2723684210526316,0.28157894736842104,0.27850877192982454
184,Actor,932,184,0.28421052631578947,0.2868421052631579,0.2644736842105263,0.27850877192982454
742,Actor,932,742,0.2710526315789474,0.2894736842105263,0.275,0.2785087719298246
556,Actor,932,556,0.2789473684210526,0.2789473684210526,0.2789473684210526,0.2789473684210526
175,Actor,932,175,0.26842105263157895,0.2855263157894737,0.28289473684210525,0.2789473684210526
750,Actor,932,750,0.2868421052631579,0.2776315789473684,0.2723684210526316,0.2789473684210526
579,Actor,932,579,0.2710526315789474,0.26973684210526316,0.29605263157894735,0.2789473684210526
492,Actor,932,492,0.28421052631578947,0.29210526315789476,0.26052631578947366,0.2789473684210526
385,Actor,932,385,0.2657894736842105,0.2986842105263158,0.2723684210526316,0.2789473684210526
866,Actor,932,866,0.26842105263157895,0.29736842105263156,0.2710526315789474,0.2789473684210526
661,Actor,932,661,0.2618421052631579,0.2855263157894737,0.2894736842105263,0.2789473684210526
445,Actor,932,445,0.2644736842105263,0.3,0.2723684210526316,0.2789473684210526
884,Actor,932,884,0.2881578947368421,0.28289473684210525,0.2657894736842105,0.2789473684210526
321,Actor,932,321,0.28421052631578947,0.2736842105263158,0.2789473684210526,0.2789473684210526
61,Actor,932,61,0.2855263157894737,0.2618421052631579,0.2894736842105263,0.2789473684210526
766,Actor,932,766,0.2881578947368421,0.2710526315789474,0.2776315789473684,0.2789473684210526
917,Actor,932,917,0.2868421052631579,0.2736842105263158,0.27631578947368424,0.27894736842105267
817,Actor,932,817,0.275,0.2855263157894737,0.27631578947368424,0.27894736842105267
827,Actor,932,827,0.26842105263157895,0.28157894736842104,0.2868421052631579,0.27894736842105267
534,Actor,932,534,0.2710526315789474,0.2894736842105263,0.27631578947368424,0.27894736842105267
691,Actor,932,691,0.28289473684210525,0.26710526315789473,0.2868421052631579,0.27894736842105267
66,Actor,932,66,0.26973684210526316,0.2855263157894737,0.28157894736842104,0.27894736842105267
712,Actor,932,712,0.27631578947368424,0.27631578947368424,0.28421052631578947,0.27894736842105267
513,Actor,932,513,0.2802631578947368,0.28157894736842104,0.275,0.27894736842105267
143,Actor,932,143,0.28421052631578947,0.28289473684210525,0.26973684210526316,0.27894736842105267
235,Actor,932,235,0.2789473684210526,0.2802631578947368,0.2789473684210526,0.2793859649122807
48,Actor,932,48,0.28157894736842104,0.2789473684210526,0.2776315789473684,0.2793859649122807
390,Actor,932,390,0.2723684210526316,0.2868421052631579,0.2789473684210526,0.2793859649122807
162,Actor,932,162,0.2657894736842105,0.2710526315789474,0.3013157894736842,0.2793859649122807
777,Actor,932,777,0.28157894736842104,0.28157894736842104,0.275,0.2793859649122807
304,Actor,932,304,0.2894736842105263,0.26710526315789473,0.28157894736842104,0.2793859649122807
837,Actor,932,837,0.2881578947368421,0.28289473684210525,0.26710526315789473,0.2793859649122807
889,Actor,932,889,0.2789473684210526,0.28157894736842104,0.2776315789473684,0.2793859649122807
408,Actor,932,408,0.2855263157894737,0.26842105263157895,0.28421052631578947,0.2793859649122807
713,Actor,932,713,0.28421052631578947,0.2736842105263158,0.2802631578947368,0.2793859649122807
245,Actor,932,245,0.28157894736842104,0.29605263157894735,0.26052631578947366,0.2793859649122807
683,Actor,932,683,0.2710526315789474,0.2802631578947368,0.2868421052631579,0.2793859649122807
818,Actor,932,818,0.26973684210526316,0.28289473684210525,0.2855263157894737,0.2793859649122807
468,Actor,932,468,0.28289473684210525,0.2736842105263158,0.28157894736842104,0.2793859649122807
835,Actor,932,835,0.2855263157894737,0.2868421052631579,0.2657894736842105,0.27938596491228074
808,Actor,932,808,0.2710526315789474,0.2789473684210526,0.2881578947368421,0.27938596491228074
473,Actor,932,473,0.2868421052631579,0.2565789473684211,0.29473684210526313,0.27938596491228074
327,Actor,932,327,0.2789473684210526,0.2657894736842105,0.29342105263157897,0.27938596491228074
405,Actor,932,405,0.28289473684210525,0.26973684210526316,0.2868421052631579,0.27982456140350875
398,Actor,932,398,0.2789473684210526,0.2855263157894737,0.275,0.27982456140350875
803,Actor,932,803,0.2736842105263158,0.2789473684210526,0.2868421052631579,0.27982456140350875
805,Actor,932,805,0.28421052631578947,0.2802631578947368,0.275,0.27982456140350875
795,Actor,932,795,0.2657894736842105,0.28157894736842104,0.29210526315789476,0.27982456140350875
759,Actor,932,759,0.2789473684210526,0.2789473684210526,0.28157894736842104,0.27982456140350875
486,Actor,932,486,0.3,0.2644736842105263,0.275,0.27982456140350875
787,Actor,932,787,0.28421052631578947,0.2802631578947368,0.275,0.27982456140350875
244,Actor,932,244,0.27631578947368424,0.2855263157894737,0.2776315789473684,0.2798245614035088
716,Actor,932,716,0.28157894736842104,0.275,0.28289473684210525,0.2798245614035088
799,Actor,932,799,0.28157894736842104,0.26842105263157895,0.2894736842105263,0.2798245614035088
230,Actor,932,230,0.29078947368421054,0.28157894736842104,0.26710526315789473,0.2798245614035088
455,Actor,932,455,0.2618421052631579,0.29473684210526313,0.28289473684210525,0.2798245614035088
878,Actor,932,878,0.275,0.26842105263157895,0.29605263157894735,0.2798245614035088
417,Actor,932,417,0.2710526315789474,0.2723684210526316,0.29605263157894735,0.2798245614035088
221,Actor,932,221,0.2776315789473684,0.28421052631578947,0.2776315789473684,0.2798245614035088
78,Actor,932,78,0.2802631578947368,0.29210526315789476,0.26710526315789473,0.2798245614035088
217,Actor,932,217,0.2657894736842105,0.2736842105263158,0.3,0.2798245614035088
389,Actor,932,389,0.28289473684210525,0.2802631578947368,0.27631578947368424,0.2798245614035088
251,Actor,932,251,0.28289473684210525,0.2802631578947368,0.27631578947368424,0.2798245614035088
665,Actor,932,665,0.2894736842105263,0.2789473684210526,0.2710526315789474,0.2798245614035088
647,Actor,932,647,0.2776315789473684,0.2881578947368421,0.2736842105263158,0.2798245614035088
929,Actor,932,929,0.2855263157894737,0.275,0.2789473684210526,0.2798245614035088
666,Actor,932,666,0.2894736842105263,0.2657894736842105,0.28421052631578947,0.2798245614035088
730,Actor,932,730,0.2736842105263158,0.2868421052631579,0.2789473684210526,0.2798245614035088
285,Actor,932,285,0.275,0.2776315789473684,0.2881578947368421,0.2802631578947368
139,Actor,932,139,0.2868421052631579,0.2710526315789474,0.28289473684210525,0.2802631578947368
213,Actor,932,213,0.28157894736842104,0.2789473684210526,0.2802631578947368,0.2802631578947368
439,Actor,932,439,0.27631578947368424,0.27631578947368424,0.2881578947368421,0.2802631578947368
760,Actor,932,760,0.2776315789473684,0.28289473684210525,0.2802631578947368,0.2802631578947368
187,Actor,932,187,0.29473684210526313,0.2776315789473684,0.26842105263157895,0.2802631578947368
94,Actor,932,94,0.2868421052631579,0.27631578947368424,0.2776315789473684,0.2802631578947368
67,Actor,932,67,0.29210526315789476,0.2776315789473684,0.2710526315789474,0.2802631578947368
237,Actor,932,237,0.275,0.28157894736842104,0.28421052631578947,0.2802631578947368
536,Actor,932,536,0.28421052631578947,0.2736842105263158,0.28289473684210525,0.2802631578947368
635,Actor,932,635,0.2618421052631579,0.28421052631578947,0.29473684210526313,0.2802631578947368
560,Actor,932,560,0.28421052631578947,0.26973684210526316,0.2868421052631579,0.2802631578947368
36,Actor,932,36,0.28157894736842104,0.2736842105263158,0.2855263157894737,0.2802631578947368
676,Actor,932,676,0.2776315789473684,0.2802631578947368,0.28289473684210525,0.2802631578947368
664,Actor,932,664,0.2723684210526316,0.30657894736842106,0.2618421052631579,0.2802631578947368
727,Actor,932,727,0.2802631578947368,0.27631578947368424,0.28421052631578947,0.2802631578947368
616,Actor,932,616,0.2868421052631579,0.26973684210526316,0.28421052631578947,0.2802631578947368
254,Actor,932,254,0.2881578947368421,0.2789473684210526,0.2736842105263158,0.2802631578947368
493,Actor,932,493,0.29342105263157897,0.2631578947368421,0.2855263157894737,0.2807017543859649
197,Actor,932,197,0.2868421052631579,0.2618421052631579,0.29342105263157897,0.2807017543859649
178,Actor,932,178,0.28421052631578947,0.28157894736842104,0.27631578947368424,0.2807017543859649
157,Actor,932,157,0.2789473684210526,0.2789473684210526,0.28421052631578947,0.2807017543859649
757,Actor,932,757,0.28421052631578947,0.2855263157894737,0.2723684210526316,0.2807017543859649
604,Actor,932,604,0.3013157894736842,0.2578947368421053,0.28289473684210525,0.2807017543859649
17,Actor,932,17,0.2789473684210526,0.28157894736842104,0.28157894736842104,0.2807017543859649
134,Actor,932,134,0.2894736842105263,0.2894736842105263,0.2631578947368421,0.2807017543859649
752,Actor,932,752,0.28289473684210525,0.2710526315789474,0.2881578947368421,0.2807017543859649
58,Actor,932,58,0.29605263157894735,0.2736842105263158,0.2723684210526316,0.2807017543859649
113,Actor,932,113,0.2881578947368421,0.27631578947368424,0.2776315789473684,0.2807017543859649
99,Actor,932,99,0.28157894736842104,0.28157894736842104,0.2789473684210526,0.2807017543859649
461,Actor,932,461,0.28289473684210525,0.2776315789473684,0.28157894736842104,0.2807017543859649
527,Actor,932,527,0.2618421052631579,0.2894736842105263,0.29078947368421054,0.2807017543859649
149,Actor,932,149,0.2802631578947368,0.28421052631578947,0.2776315789473684,0.2807017543859649
310,Actor,932,310,0.28289473684210525,0.275,0.28421052631578947,0.2807017543859649
652,Actor,932,652,0.28289473684210525,0.29078947368421054,0.26842105263157895,0.2807017543859649
263,Actor,932,263,0.2855263157894737,0.2723684210526316,0.28421052631578947,0.2807017543859649
915,Actor,932,915,0.2710526315789474,0.2894736842105263,0.28157894736842104,0.28070175438596495
509,Actor,932,509,0.27631578947368424,0.27631578947368424,0.2894736842105263,0.28070175438596495
281,Actor,932,281,0.26973684210526316,0.29078947368421054,0.28157894736842104,0.28070175438596495
431,Actor,932,431,0.29210526315789476,0.2736842105263158,0.27631578947368424,0.28070175438596495
600,Actor,932,600,0.275,0.2855263157894737,0.28157894736842104,0.28070175438596495
436,Actor,932,436,0.29210526315789476,0.2736842105263158,0.27631578947368424,0.28070175438596495
721,Actor,932,721,0.26710526315789473,0.30526315789473685,0.26973684210526316,0.28070175438596495
22,Actor,932,22,0.2789473684210526,0.28289473684210525,0.28157894736842104,0.28114035087719297
378,Actor,932,378,0.28289473684210525,0.2855263157894737,0.275,0.28114035087719297
334,Actor,932,334,0.2789473684210526,0.2723684210526316,0.29210526315789476,0.28114035087719297
12,Actor,932,12,0.2986842105263158,0.2710526315789474,0.2736842105263158,0.28114035087719297
602,Actor,932,602,0.2855263157894737,0.26842105263157895,0.2894736842105263,0.28114035087719297
233,Actor,932,233,0.28289473684210525,0.27631578947368424,0.28421052631578947,0.28114035087719297
161,Actor,932,161,0.2789473684210526,0.2868421052631579,0.2776315789473684,0.28114035087719297
100,Actor,932,100,0.29210526315789476,0.2789473684210526,0.2723684210526316,0.28114035087719297
356,Actor,932,356,0.28289473684210525,0.2736842105263158,0.2868421052631579,0.28114035087719297
252,Actor,932,252,0.2789473684210526,0.2802631578947368,0.28421052631578947,0.28114035087719297
15,Actor,932,15,0.2565789473684211,0.29605263157894735,0.29078947368421054,0.28114035087719297
781,Actor,932,781,0.3,0.27631578947368424,0.26710526315789473,0.28114035087719297
229,Actor,932,229,0.2710526315789474,0.28157894736842104,0.29078947368421054,0.28114035087719297
489,Actor,932,489,0.2802631578947368,0.2802631578947368,0.28289473684210525,0.28114035087719297
515,Actor,932,515,0.2657894736842105,0.2802631578947368,0.29736842105263156,0.28114035087719297
391,Actor,932,391,0.26842105263157895,0.29473684210526313,0.2802631578947368,0.28114035087719297
842,Actor,932,842,0.2894736842105263,0.2723684210526316,0.28157894736842104,0.28114035087719297
114,Actor,932,114,0.28289473684210525,0.2802631578947368,0.2802631578947368,0.28114035087719297
601,Actor,932,601,0.2894736842105263,0.2723684210526316,0.28157894736842104,0.28114035087719297
437,Actor,932,437,0.2789473684210526,0.28421052631578947,0.2802631578947368,0.28114035087719297
297,Actor,932,297,0.2855263157894737,0.2802631578947368,0.2776315789473684,0.28114035087719297
40,Actor,932,40,0.2736842105263158,0.28157894736842104,0.2881578947368421,0.281140350877193
487,Actor,932,487,0.28289473684210525,0.2723684210526316,0.2881578947368421,0.281140350877193
267,Actor,932,267,0.2789473684210526,0.2881578947368421,0.27631578947368424,0.281140350877193
876,Actor,932,876,0.275,0.29078947368421054,0.2776315789473684,0.281140350877193
550,Actor,932,550,0.28421052631578947,0.28289473684210525,0.27631578947368424,0.281140350877193
609,Actor,932,609,0.2894736842105263,0.28289473684210525,0.2710526315789474,0.281140350877193
634,Actor,932,634,0.2710526315789474,0.29605263157894735,0.27631578947368424,0.281140350877193
44,Actor,932,44,0.2710526315789474,0.28421052631578947,0.2881578947368421,0.281140350877193
5,Actor,932,5,0.2776315789473684,0.2868421052631579,0.2802631578947368,0.281578947368421
806,Actor,932,806,0.2855263157894737,0.26710526315789473,0.29210526315789476,0.28157894736842104
780,Actor,932,780,0.28289473684210525,0.28289473684210525,0.2789473684210526,0.28157894736842104
369,Actor,932,369,0.28421052631578947,0.2789473684210526,0.28157894736842104,0.28157894736842104
785,Actor,932,785,0.28289473684210525,0.275,0.2868421052631579,0.28157894736842104
608,Actor,932,608,0.2868421052631579,0.28289473684210525,0.275,0.28157894736842104
605,Actor,932,605,0.29473684210526313,0.2855263157894737,0.2644736842105263,0.28157894736842104
449,Actor,932,449,0.29473684210526313,0.2802631578947368,0.26973684210526316,0.28157894736842104
897,Actor,932,897,0.2776315789473684,0.2802631578947368,0.2868421052631579,0.28157894736842104
854,Actor,932,854,0.26842105263157895,0.28421052631578947,0.29210526315789476,0.28157894736842104
130,Actor,932,130,0.2736842105263158,0.28421052631578947,0.2868421052631579,0.28157894736842104
659,Actor,932,659,0.2776315789473684,0.2855263157894737,0.28157894736842104,0.28157894736842104
769,Actor,932,769,0.2789473684210526,0.2736842105263158,0.29210526315789476,0.28157894736842104
908,Actor,932,908,0.2776315789473684,0.28421052631578947,0.28289473684210525,0.2815789473684211
469,Actor,932,469,0.27631578947368424,0.29210526315789476,0.27631578947368424,0.2815789473684211
407,Actor,932,407,0.2894736842105263,0.2868421052631579,0.26842105263157895,0.2815789473684211
679,Actor,932,679,0.2736842105263158,0.29078947368421054,0.2802631578947368,0.2815789473684211
404,Actor,932,404,0.275,0.2868421052631579,0.28289473684210525,0.2815789473684211
257,Actor,932,257,0.2881578947368421,0.2631578947368421,0.29342105263157897,0.2815789473684211
80,Actor,932,80,0.2710526315789474,0.28289473684210525,0.29078947368421054,0.2815789473684211
564,Actor,932,564,0.2881578947368421,0.28289473684210525,0.2736842105263158,0.2815789473684211
851,Actor,932,851,0.2723684210526316,0.2868421052631579,0.2855263157894737,0.2815789473684211
137,Actor,932,137,0.26973684210526316,0.28421052631578947,0.29078947368421054,0.2815789473684211
451,Actor,932,451,0.275,0.29078947368421054,0.2789473684210526,0.2815789473684211
783,Actor,932,783,0.2736842105263158,0.2868421052631579,0.28421052631578947,0.2815789473684211
25,Actor,932,25,0.2776315789473684,0.2736842105263158,0.29342105263157897,0.2815789473684211
79,Actor,932,79,0.29210526315789476,0.26842105263157895,0.28421052631578947,0.2815789473684211
651,Actor,932,651,0.29210526315789476,0.2802631578947368,0.2736842105263158,0.2820175438596491
576,Actor,932,576,0.29605263157894735,0.2710526315789474,0.2789473684210526,0.2820175438596491
428,Actor,932,428,0.2802631578947368,0.2855263157894737,0.2802631578947368,0.2820175438596491
75,Actor,932,75,0.28421052631578947,0.2802631578947368,0.28157894736842104,0.2820175438596491
640,Actor,932,640,0.27631578947368424,0.2881578947368421,0.28157894736842104,0.2820175438596491
218,Actor,932,218,0.2855263157894737,0.2855263157894737,0.275,0.2820175438596491
171,Actor,932,171,0.2618421052631579,0.28421052631578947,0.3,0.2820175438596491
843,Actor,932,843,0.28157894736842104,0.28157894736842104,0.28289473684210525,0.2820175438596491
733,Actor,932,733,0.2855263157894737,0.2894736842105263,0.2710526315789474,0.2820175438596491
535,Actor,932,535,0.2776315789473684,0.2657894736842105,0.3026315789473684,0.2820175438596491
63,Actor,932,63,0.27631578947368424,0.2855263157894737,0.28421052631578947,0.2820175438596491
794,Actor,932,794,0.3026315789473684,0.2723684210526316,0.2710526315789474,0.2820175438596491
533,Actor,932,533,0.2789473684210526,0.28421052631578947,0.28289473684210525,0.2820175438596491
796,Actor,932,796,0.2776315789473684,0.2789473684210526,0.2894736842105263,0.2820175438596491
741,Actor,932,741,0.29210526315789476,0.29342105263157897,0.26052631578947366,0.2820175438596491
329,Actor,932,329,0.2736842105263158,0.2894736842105263,0.28289473684210525,0.2820175438596491
209,Actor,932,209,0.2776315789473684,0.2894736842105263,0.2789473684210526,0.2820175438596491
479,Actor,932,479,0.275,0.28289473684210525,0.2881578947368421,0.2820175438596491
154,Actor,932,154,0.28157894736842104,0.2894736842105263,0.275,0.2820175438596491
83,Actor,932,83,0.2723684210526316,0.2881578947368421,0.2855263157894737,0.2820175438596491
490,Actor,932,490,0.2881578947368421,0.2802631578947368,0.2776315789473684,0.2820175438596491
346,Actor,932,346,0.2855263157894737,0.29210526315789476,0.26842105263157895,0.2820175438596491
50,Actor,932,50,0.29342105263157897,0.2710526315789474,0.28157894736842104,0.2820175438596491
87,Actor,932,87,0.2881578947368421,0.26842105263157895,0.2894736842105263,0.2820175438596491
868,Actor,932,868,0.2894736842105263,0.2776315789473684,0.2789473684210526,0.2820175438596491
555,Actor,932,555,0.2776315789473684,0.2881578947368421,0.2802631578947368,0.2820175438596491
350,Actor,932,350,0.29078947368421054,0.28421052631578947,0.2710526315789474,0.2820175438596491
172,Actor,932,172,0.2802631578947368,0.28421052631578947,0.28157894736842104,0.2820175438596491
529,Actor,932,529,0.27631578947368424,0.2710526315789474,0.2986842105263158,0.2820175438596491
551,Actor,932,551,0.28421052631578947,0.27631578947368424,0.2855263157894737,0.2820175438596491
370,Actor,932,370,0.2986842105263158,0.2657894736842105,0.28157894736842104,0.2820175438596491
76,Actor,932,76,0.2802631578947368,0.2776315789473684,0.2881578947368421,0.2820175438596491
478,Actor,932,478,0.28421052631578947,0.275,0.2868421052631579,0.2820175438596491
858,Actor,932,858,0.2776315789473684,0.2802631578947368,0.2881578947368421,0.2820175438596491
128,Actor,932,128,0.2802631578947368,0.29078947368421054,0.27631578947368424,0.2824561403508772
277,Actor,932,277,0.2881578947368421,0.28289473684210525,0.27631578947368424,0.2824561403508772
275,Actor,932,275,0.2855263157894737,0.2736842105263158,0.2881578947368421,0.2824561403508772
739,Actor,932,739,0.28421052631578947,0.2986842105263158,0.2644736842105263,0.2824561403508772
129,Actor,932,129,0.26973684210526316,0.29736842105263156,0.2802631578947368,0.2824561403508772
24,Actor,932,24,0.2789473684210526,0.28421052631578947,0.28421052631578947,0.2824561403508772
387,Actor,932,387,0.275,0.29605263157894735,0.27631578947368424,0.2824561403508772
545,Actor,932,545,0.3013157894736842,0.2776315789473684,0.26842105263157895,0.2824561403508772
626,Actor,932,626,0.27631578947368424,0.2868421052631579,0.28421052631578947,0.2824561403508772
249,Actor,932,249,0.2881578947368421,0.29210526315789476,0.26710526315789473,0.2824561403508772
358,Actor,932,358,0.2881578947368421,0.2776315789473684,0.28157894736842104,0.2824561403508772
925,Actor,932,925,0.28421052631578947,0.28157894736842104,0.28157894736842104,0.2824561403508772
159,Actor,932,159,0.28157894736842104,0.26710526315789473,0.2986842105263158,0.2824561403508772
725,Actor,932,725,0.29210526315789476,0.28421052631578947,0.2710526315789474,0.2824561403508772
440,Actor,932,440,0.29078947368421054,0.28289473684210525,0.2736842105263158,0.2824561403508772
301,Actor,932,301,0.28157894736842104,0.28289473684210525,0.28289473684210525,0.2824561403508772
216,Actor,932,216,0.2881578947368421,0.28157894736842104,0.2776315789473684,0.2824561403508772
705,Actor,932,705,0.28289473684210525,0.28157894736842104,0.28289473684210525,0.2824561403508772
756,Actor,932,756,0.29473684210526313,0.26842105263157895,0.28421052631578947,0.2824561403508772
522,Actor,932,522,0.3013157894736842,0.2657894736842105,0.2802631578947368,0.2824561403508772
55,Actor,932,55,0.2894736842105263,0.28421052631578947,0.2736842105263158,0.2824561403508772
682,Actor,932,682,0.29605263157894735,0.27631578947368424,0.275,0.28245614035087724
912,Actor,932,912,0.2723684210526316,0.29342105263157897,0.28157894736842104,0.28245614035087724
435,Actor,932,435,0.28421052631578947,0.26710526315789473,0.29736842105263156,0.28289473684210525
684,Actor,932,684,0.2986842105263158,0.2789473684210526,0.2710526315789474,0.28289473684210525
115,Actor,932,115,0.29078947368421054,0.2789473684210526,0.2789473684210526,0.28289473684210525
649,Actor,932,649,0.26710526315789473,0.3,0.28157894736842104,0.28289473684210525
791,Actor,932,791,0.29210526315789476,0.29473684210526313,0.2618421052631579,0.28289473684210525
715,Actor,932,715,0.2802631578947368,0.2736842105263158,0.29473684210526313,0.28289473684210525
588,Actor,932,588,0.2789473684210526,0.29078947368421054,0.2789473684210526,0.28289473684210525
848,Actor,932,848,0.28421052631578947,0.29210526315789476,0.2723684210526316,0.28289473684210525
888,Actor,932,888,0.29736842105263156,0.28157894736842104,0.26973684210526316,0.28289473684210525
904,Actor,932,904,0.25921052631578945,0.30526315789473685,0.28421052631578947,0.28289473684210525
255,Actor,932,255,0.2881578947368421,0.2868421052631579,0.2736842105263158,0.28289473684210525
366,Actor,932,366,0.2736842105263158,0.3026315789473684,0.2723684210526316,0.28289473684210525
39,Actor,932,39,0.2710526315789474,0.28289473684210525,0.29473684210526313,0.28289473684210525
856,Actor,932,856,0.28421052631578947,0.275,0.2894736842105263,0.28289473684210525
590,Actor,932,590,0.28289473684210525,0.29210526315789476,0.2736842105263158,0.28289473684210525
688,Actor,932,688,0.275,0.2894736842105263,0.28421052631578947,0.28289473684210525
104,Actor,932,104,0.29473684210526313,0.2657894736842105,0.2881578947368421,0.28289473684210525
18,Actor,932,18,0.28421052631578947,0.28157894736842104,0.28289473684210525,0.28289473684210525
717,Actor,932,717,0.29210526315789476,0.2868421052631579,0.26973684210526316,0.28289473684210525
745,Actor,932,745,0.29078947368421054,0.27631578947368424,0.28157894736842104,0.28289473684210525
262,Actor,932,262,0.29078947368421054,0.2723684210526316,0.2855263157894737,0.28289473684210525
425,Actor,932,425,0.27631578947368424,0.28421052631578947,0.2881578947368421,0.2828947368421053
641,Actor,932,641,0.29736842105263156,0.2789473684210526,0.2736842105263158,0.28333333333333327
261,Actor,932,261,0.2802631578947368,0.29473684210526313,0.275,0.2833333333333333
59,Actor,932,59,0.2657894736842105,0.2855263157894737,0.2986842105263158,0.2833333333333333
411,Actor,932,411,0.29210526315789476,0.27631578947368424,0.28157894736842104,0.2833333333333333
164,Actor,932,164,0.28157894736842104,0.27631578947368424,0.29210526315789476,0.2833333333333333
236,Actor,932,236,0.2723684210526316,0.29605263157894735,0.28157894736842104,0.2833333333333333
429,Actor,932,429,0.29736842105263156,0.2657894736842105,0.2868421052631579,0.2833333333333333
853,Actor,932,853,0.2894736842105263,0.29078947368421054,0.26973684210526316,0.2833333333333333
421,Actor,932,421,0.2736842105263158,0.29736842105263156,0.2789473684210526,0.2833333333333333
357,Actor,932,357,0.28289473684210525,0.2855263157894737,0.28157894736842104,0.2833333333333333
657,Actor,932,657,0.28289473684210525,0.2802631578947368,0.2868421052631579,0.2833333333333333
863,Actor,932,863,0.29736842105263156,0.2776315789473684,0.275,0.2833333333333333
8,Actor,932,8,0.29342105263157897,0.2776315789473684,0.2789473684210526,0.2833333333333333
922,Actor,932,922,0.28289473684210525,0.28421052631578947,0.28289473684210525,0.2833333333333334
836,Actor,932,836,0.27631578947368424,0.3,0.2736842105263158,0.2833333333333334
73,Actor,932,73,0.28289473684210525,0.2894736842105263,0.2776315789473684,0.2833333333333334
667,Actor,932,667,0.28157894736842104,0.2802631578947368,0.2881578947368421,0.2833333333333334
637,Actor,932,637,0.29078947368421054,0.26973684210526316,0.2894736842105263,0.2833333333333334
632,Actor,932,632,0.29078947368421054,0.2657894736842105,0.29342105263157897,0.2833333333333334
382,Actor,932,382,0.27631578947368424,0.2894736842105263,0.28421052631578947,0.2833333333333334
681,Actor,932,681,0.26842105263157895,0.30526315789473685,0.27631578947368424,0.2833333333333334
862,Actor,932,862,0.29342105263157897,0.29078947368421054,0.2657894736842105,0.2833333333333334
792,Actor,932,792,0.26842105263157895,0.2986842105263158,0.28289473684210525,0.2833333333333334
569,Actor,932,569,0.28157894736842104,0.29078947368421054,0.2776315789473684,0.2833333333333334
680,Actor,932,680,0.29078947368421054,0.2723684210526316,0.2881578947368421,0.2837719298245614
19,Actor,932,19,0.2776315789473684,0.2868421052631579,0.2868421052631579,0.2837719298245614
638,Actor,932,638,0.2881578947368421,0.2723684210526316,0.29078947368421054,0.2837719298245614
825,Actor,932,825,0.2855263157894737,0.2855263157894737,0.2802631578947368,0.2837719298245614
821,Actor,932,821,0.2789473684210526,0.29605263157894735,0.27631578947368424,0.2837719298245614
778,Actor,932,778,0.29078947368421054,0.275,0.2855263157894737,0.2837719298245614
650,Actor,932,650,0.29078947368421054,0.26710526315789473,0.29342105263157897,0.2837719298245614
918,Actor,932,918,0.2802631578947368,0.30394736842105263,0.26710526315789473,0.2837719298245614
52,Actor,932,52,0.28421052631578947,0.2723684210526316,0.29473684210526313,0.2837719298245614
290,Actor,932,290,0.2789473684210526,0.2868421052631579,0.2855263157894737,0.2837719298245614
498,Actor,932,498,0.2736842105263158,0.29210526315789476,0.2855263157894737,0.2837719298245614
501,Actor,932,501,0.2881578947368421,0.28157894736842104,0.28157894736842104,0.2837719298245614
852,Actor,932,852,0.275,0.2894736842105263,0.2868421052631579,0.2837719298245614
112,Actor,932,112,0.3013157894736842,0.2710526315789474,0.2789473684210526,0.2837719298245614
784,Actor,932,784,0.29342105263157897,0.27631578947368424,0.28157894736842104,0.2837719298245614
122,Actor,932,122,0.29473684210526313,0.2736842105263158,0.28289473684210525,0.2837719298245614
89,Actor,932,89,0.26710526315789473,0.28289473684210525,0.3013157894736842,0.2837719298245614
360,Actor,932,360,0.2776315789473684,0.3026315789473684,0.2710526315789474,0.2837719298245614
269,Actor,932,269,0.3,0.28421052631578947,0.26710526315789473,0.2837719298245614
133,Actor,932,133,0.2881578947368421,0.27631578947368424,0.2868421052631579,0.2837719298245614
708,Actor,932,708,0.2789473684210526,0.28157894736842104,0.29078947368421054,0.2837719298245614
33,Actor,932,33,0.29736842105263156,0.26973684210526316,0.28421052631578947,0.2837719298245614
92,Actor,932,92,0.29078947368421054,0.28157894736842104,0.2789473684210526,0.2837719298245614
150,Actor,932,150,0.27631578947368424,0.29078947368421054,0.28421052631578947,0.2837719298245614
839,Actor,932,839,0.3013157894736842,0.2736842105263158,0.27631578947368424,0.2837719298245614
800,Actor,932,800,0.29342105263157897,0.275,0.28289473684210525,0.2837719298245614
338,Actor,932,338,0.2723684210526316,0.29210526315789476,0.2881578947368421,0.28421052631578947
131,Actor,932,131,0.275,0.2789473684210526,0.2986842105263158,0.28421052631578947
668,Actor,932,668,0.29736842105263156,0.27631578947368424,0.2789473684210526,0.28421052631578947
678,Actor,932,678,0.2868421052631579,0.28157894736842104,0.28421052631578947,0.28421052631578947
902,Actor,932,902,0.2802631578947368,0.29078947368421054,0.28157894736842104,0.28421052631578947
547,Actor,932,547,0.2868421052631579,0.2868421052631579,0.2789473684210526,0.28421052631578947
458,Actor,932,458,0.28421052631578947,0.2723684210526316,0.29605263157894735,0.28421052631578947
670,Actor,932,670,0.275,0.30657894736842106,0.2710526315789474,0.28421052631578947
298,Actor,932,298,0.2868421052631579,0.29210526315789476,0.2736842105263158,0.28421052631578947
872,Actor,932,872,0.275,0.29736842105263156,0.2802631578947368,0.28421052631578947
846,Actor,932,846,0.28289473684210525,0.29078947368421054,0.2789473684210526,0.28421052631578947
890,Actor,932,890,0.2868421052631579,0.26842105263157895,0.29736842105263156,0.28421052631578947
195,Actor,932,195,0.2736842105263158,0.29210526315789476,0.2868421052631579,0.2842105263157895
812,Actor,932,812,0.29078947368421054,0.275,0.2868421052631579,0.2842105263157895
205,Actor,932,205,0.28421052631578947,0.2789473684210526,0.29078947368421054,0.28464912280701754
790,Actor,932,790,0.29736842105263156,0.28157894736842104,0.275,0.28464912280701754
292,Actor,932,292,0.28289473684210525,0.29342105263157897,0.2776315789473684,0.28464912280701754
56,Actor,932,56,0.3,0.2736842105263158,0.2802631578947368,0.28464912280701754
430,Actor,932,430,0.2881578947368421,0.2776315789473684,0.2881578947368421,0.28464912280701754
77,Actor,932,77,0.2789473684210526,0.27631578947368424,0.2986842105263158,0.28464912280701754
117,Actor,932,117,0.2855263157894737,0.28157894736842104,0.2868421052631579,0.28464912280701754
585,Actor,932,585,0.29736842105263156,0.275,0.28157894736842104,0.28464912280701754
887,Actor,932,887,0.28289473684210525,0.2776315789473684,0.29342105263157897,0.28464912280701754
910,Actor,932,910,0.275,0.29736842105263156,0.28157894736842104,0.28464912280701754
418,Actor,932,418,0.28157894736842104,0.2894736842105263,0.28289473684210525,0.28464912280701754
101,Actor,932,101,0.2855263157894737,0.29342105263157897,0.275,0.28464912280701754
735,Actor,932,735,0.2855263157894737,0.28157894736842104,0.2868421052631579,0.28464912280701754
96,Actor,932,96,0.2802631578947368,0.275,0.2986842105263158,0.28464912280701754
811,Actor,932,811,0.2723684210526316,0.29736842105263156,0.28421052631578947,0.28464912280701754
146,Actor,932,146,0.30526315789473685,0.275,0.2736842105263158,0.28464912280701754
603,Actor,932,603,0.28421052631578947,0.2789473684210526,0.29078947368421054,0.28464912280701754
768,Actor,932,768,0.29342105263157897,0.2881578947368421,0.2723684210526316,0.28464912280701754
891,Actor,932,891,0.2776315789473684,0.2868421052631579,0.2894736842105263,0.28464912280701754
224,Actor,932,224,0.29210526315789476,0.28289473684210525,0.2789473684210526,0.28464912280701754
893,Actor,932,893,0.275,0.2881578947368421,0.29078947368421054,0.28464912280701754
620,Actor,932,620,0.28157894736842104,0.28421052631578947,0.2881578947368421,0.28464912280701754
82,Actor,932,82,0.2894736842105263,0.2986842105263158,0.2657894736842105,0.28464912280701754
718,Actor,932,718,0.2868421052631579,0.275,0.29210526315789476,0.28464912280701754
561,Actor,932,561,0.29210526315789476,0.29078947368421054,0.2710526315789474,0.2846491228070176
296,Actor,932,296,0.29078947368421054,0.2868421052631579,0.27631578947368424,0.2846491228070176
709,Actor,932,709,0.29078947368421054,0.29210526315789476,0.2710526315789474,0.2846491228070176
377,Actor,932,377,0.2868421052631579,0.29473684210526313,0.2736842105263158,0.28508771929824556
775,Actor,932,775,0.2894736842105263,0.2631578947368421,0.3026315789473684,0.28508771929824556
610,Actor,932,610,0.2789473684210526,0.2736842105263158,0.3026315789473684,0.28508771929824556
142,Actor,932,142,0.2868421052631579,0.2776315789473684,0.29078947368421054,0.28508771929824556
29,Actor,932,29,0.3013157894736842,0.26973684210526316,0.28421052631578947,0.2850877192982456
877,Actor,932,877,0.29210526315789476,0.2789473684210526,0.28421052631578947,0.2850877192982456
316,Actor,932,316,0.2776315789473684,0.29605263157894735,0.28157894736842104,0.2850877192982456
127,Actor,932,127,0.29342105263157897,0.2802631578947368,0.28157894736842104,0.2850877192982456
135,Actor,932,135,0.2855263157894737,0.2736842105263158,0.29605263157894735,0.2850877192982456
720,Actor,932,720,0.2881578947368421,0.2776315789473684,0.2894736842105263,0.2850877192982456
65,Actor,932,65,0.29736842105263156,0.2881578947368421,0.26973684210526316,0.2850877192982456
212,Actor,932,212,0.2855263157894737,0.28289473684210525,0.2868421052631579,0.2850877192982456
774,Actor,932,774,0.3131578947368421,0.2578947368421053,0.28421052631578947,0.2850877192982456
521,Actor,932,521,0.28157894736842104,0.29210526315789476,0.28157894736842104,0.2850877192982456
250,Actor,932,250,0.27631578947368424,0.2776315789473684,0.3013157894736842,0.2850877192982456
320,Actor,932,320,0.29342105263157897,0.2894736842105263,0.2723684210526316,0.28508771929824567
145,Actor,932,145,0.29736842105263156,0.275,0.28289473684210525,0.28508771929824567
864,Actor,932,864,0.3092105263157895,0.2723684210526316,0.2736842105263158,0.28508771929824567
855,Actor,932,855,0.2802631578947368,0.2986842105263158,0.27631578947368424,0.28508771929824567
339,Actor,932,339,0.28289473684210525,0.2789473684210526,0.29342105263157897,0.28508771929824567
624,Actor,932,624,0.275,0.2802631578947368,0.3,0.28508771929824567
109,Actor,932,109,0.2894736842105263,0.2723684210526316,0.29342105263157897,0.28508771929824567
903,Actor,932,903,0.2789473684210526,0.27631578947368424,0.3,0.28508771929824567
188,Actor,932,188,0.2736842105263158,0.30394736842105263,0.2776315789473684,0.28508771929824567
494,Actor,932,494,0.29342105263157897,0.27631578947368424,0.2855263157894737,0.28508771929824567
497,Actor,932,497,0.2802631578947368,0.2986842105263158,0.27631578947368424,0.28508771929824567
514,Actor,932,514,0.2802631578947368,0.29210526315789476,0.28289473684210525,0.28508771929824567
704,Actor,932,704,0.2894736842105263,0.27631578947368424,0.2894736842105263,0.28508771929824567
695,Actor,932,695,0.29473684210526313,0.27631578947368424,0.2855263157894737,0.2855263157894737
446,Actor,932,446,0.2986842105263158,0.2881578947368421,0.26973684210526316,0.2855263157894737
656,Actor,932,656,0.2855263157894737,0.2776315789473684,0.29342105263157897,0.2855263157894737
702,Actor,932,702,0.28289473684210525,0.2881578947368421,0.2855263157894737,0.2855263157894737
829,Actor,932,829,0.3013157894736842,0.2710526315789474,0.28421052631578947,0.2855263157894737
160,Actor,932,160,0.29736842105263156,0.2855263157894737,0.2736842105263158,0.2855263157894737
62,Actor,932,62,0.2802631578947368,0.30526315789473685,0.2710526315789474,0.2855263157894737
194,Actor,932,194,0.26973684210526316,0.29342105263157897,0.29342105263157897,0.2855263157894737
379,Actor,932,379,0.2855263157894737,0.29473684210526313,0.27631578947368424,0.2855263157894737
202,Actor,932,202,0.29736842105263156,0.2868421052631579,0.2723684210526316,0.2855263157894737
894,Actor,932,894,0.26973684210526316,0.29736842105263156,0.2894736842105263,0.2855263157894737
544,Actor,932,544,0.2868421052631579,0.27631578947368424,0.29342105263157897,0.2855263157894737
279,Actor,932,279,0.29736842105263156,0.2802631578947368,0.2789473684210526,0.2855263157894737
737,Actor,932,737,0.29078947368421054,0.2802631578947368,0.2855263157894737,0.2855263157894737
500,Actor,932,500,0.275,0.2789473684210526,0.3026315789473684,0.2855263157894737
185,Actor,932,185,0.26973684210526316,0.28157894736842104,0.30526315789473685,0.2855263157894737
619,Actor,932,619,0.2868421052631579,0.29605263157894735,0.2736842105263158,0.2855263157894737
348,Actor,932,348,0.2855263157894737,0.28289473684210525,0.2881578947368421,0.2855263157894737
38,Actor,932,38,0.27631578947368424,0.2894736842105263,0.29078947368421054,0.2855263157894737
633,Actor,932,633,0.275,0.29210526315789476,0.2894736842105263,0.2855263157894737
565,Actor,932,565,0.29342105263157897,0.2776315789473684,0.2855263157894737,0.2855263157894737
464,Actor,932,464,0.28157894736842104,0.2789473684210526,0.29605263157894735,0.2855263157894737
628,Actor,932,628,0.29736842105263156,0.2894736842105263,0.26973684210526316,0.2855263157894737
734,Actor,932,734,0.2855263157894737,0.2986842105263158,0.2723684210526316,0.2855263157894737
91,Actor,932,91,0.28421052631578947,0.28289473684210525,0.2894736842105263,0.2855263157894737
259,Actor,932,259,0.3013157894736842,0.27631578947368424,0.2789473684210526,0.2855263157894737
471,Actor,932,471,0.2776315789473684,0.2894736842105263,0.2894736842105263,0.2855263157894737
840,Actor,932,840,0.2894736842105263,0.2894736842105263,0.2789473684210526,0.28596491228070176
753,Actor,932,753,0.2881578947368421,0.28421052631578947,0.2855263157894737,0.28596491228070176
899,Actor,932,899,0.29078947368421054,0.2802631578947368,0.2868421052631579,0.28596491228070176
627,Actor,932,627,0.2986842105263158,0.2789473684210526,0.2802631578947368,0.28596491228070176
767,Actor,932,767,0.27631578947368424,0.2881578947368421,0.29342105263157897,0.28596491228070176
372,Actor,932,372,0.275,0.3013157894736842,0.28157894736842104,0.28596491228070176
523,Actor,932,523,0.2789473684210526,0.2894736842105263,0.2894736842105263,0.28596491228070176
530,Actor,932,530,0.2868421052631579,0.30657894736842106,0.2644736842105263,0.28596491228070176
341,Actor,932,341,0.28421052631578947,0.2802631578947368,0.29342105263157897,0.28596491228070176
707,Actor,932,707,0.29342105263157897,0.30394736842105263,0.26052631578947366,0.28596491228070176
71,Actor,932,71,0.2802631578947368,0.28289473684210525,0.29473684210526313,0.28596491228070176
248,Actor,932,248,0.28421052631578947,0.29605263157894735,0.2776315789473684,0.28596491228070176
485,Actor,932,485,0.2776315789473684,0.30394736842105263,0.27631578947368424,0.28596491228070176
746,Actor,932,746,0.2802631578947368,0.2868421052631579,0.29078947368421054,0.28596491228070176
815,Actor,932,815,0.28289473684210525,0.29210526315789476,0.28289473684210525,0.28596491228070176
23,Actor,932,23,0.2657894736842105,0.29342105263157897,0.2986842105263158,0.28596491228070176
463,Actor,932,463,0.3078947368421053,0.28421052631578947,0.2657894736842105,0.28596491228070176
807,Actor,932,807,0.28421052631578947,0.2855263157894737,0.2881578947368421,0.28596491228070176
21,Actor,932,21,0.29605263157894735,0.29605263157894735,0.2657894736842105,0.28596491228070176
687,Actor,932,687,0.3026315789473684,0.2855263157894737,0.26973684210526316,0.28596491228070176
419,Actor,932,419,0.2881578947368421,0.2789473684210526,0.29078947368421054,0.28596491228070176
749,Actor,932,749,0.29078947368421054,0.2776315789473684,0.2894736842105263,0.28596491228070176
196,Actor,932,196,0.28289473684210525,0.2894736842105263,0.2855263157894737,0.28596491228070176
740,Actor,932,740,0.29342105263157897,0.2894736842105263,0.275,0.2859649122807018
41,Actor,932,41,0.29210526315789476,0.28421052631578947,0.28289473684210525,0.2864035087719298
324,Actor,932,324,0.2855263157894737,0.27631578947368424,0.29736842105263156,0.2864035087719298
809,Actor,932,809,0.275,0.29473684210526313,0.2894736842105263,0.2864035087719298
294,Actor,932,294,0.2868421052631579,0.29473684210526313,0.2776315789473684,0.2864035087719298
183,Actor,932,183,0.2855263157894737,0.2986842105263158,0.275,0.2864035087719298
909,Actor,932,909,0.2802631578947368,0.29473684210526313,0.28421052631578947,0.2864035087719298
646,Actor,932,646,0.28421052631578947,0.2789473684210526,0.29605263157894735,0.2864035087719298
723,Actor,932,723,0.28157894736842104,0.29210526315789476,0.2855263157894737,0.2864035087719298
106,Actor,932,106,0.2894736842105263,0.28289473684210525,0.2868421052631579,0.2864035087719298
319,Actor,932,319,0.28289473684210525,0.29342105263157897,0.28289473684210525,0.2864035087719298
630,Actor,932,630,0.2855263157894737,0.29605263157894735,0.2776315789473684,0.2864035087719298
636,Actor,932,636,0.29736842105263156,0.2736842105263158,0.2881578947368421,0.2864035087719298
744,Actor,932,744,0.27631578947368424,0.29078947368421054,0.29210526315789476,0.2864035087719298
424,Actor,932,424,0.2868421052631579,0.29605263157894735,0.27631578947368424,0.2864035087719298
606,Actor,932,606,0.30526315789473685,0.2855263157894737,0.26842105263157895,0.2864035087719298
300,Actor,932,300,0.26973684210526316,0.3026315789473684,0.2868421052631579,0.2864035087719298
51,Actor,932,51,0.28157894736842104,0.29605263157894735,0.28157894736842104,0.2864035087719298
828,Actor,932,828,0.26710526315789473,0.29605263157894735,0.29605263157894735,0.2864035087719298
615,Actor,932,615,0.2657894736842105,0.29078947368421054,0.3026315789473684,0.2864035087719298
580,Actor,932,580,0.2776315789473684,0.28421052631578947,0.29736842105263156,0.2864035087719298
482,Actor,932,482,0.27631578947368424,0.30657894736842106,0.27631578947368424,0.2864035087719299
308,Actor,932,308,0.3,0.28289473684210525,0.2776315789473684,0.28684210526315784
841,Actor,932,841,0.29605263157894735,0.2802631578947368,0.28421052631578947,0.28684210526315784
123,Actor,932,123,0.2986842105263158,0.27631578947368424,0.2855263157894737,0.28684210526315784
779,Actor,932,779,0.2868421052631579,0.29605263157894735,0.2776315789473684,0.28684210526315784
234,Actor,932,234,0.29078947368421054,0.29605263157894735,0.2736842105263158,0.28684210526315784
726,Actor,932,726,0.2802631578947368,0.2894736842105263,0.29078947368421054,0.28684210526315784
102,Actor,932,102,0.2789473684210526,0.30394736842105263,0.2776315789473684,0.28684210526315784
693,Actor,932,693,0.2855263157894737,0.2855263157894737,0.2894736842105263,0.2868421052631579
266,Actor,932,266,0.2776315789473684,0.2789473684210526,0.30394736842105263,0.2868421052631579
921,Actor,932,921,0.2802631578947368,0.29342105263157897,0.2868421052631579,0.2868421052631579
592,Actor,932,592,0.2802631578947368,0.29342105263157897,0.2868421052631579,0.2868421052631579
844,Actor,932,844,0.2789473684210526,0.29473684210526313,0.2868421052631579,0.2868421052631579
861,Actor,932,861,0.29078947368421054,0.2710526315789474,0.2986842105263158,0.2868421052631579
256,Actor,932,256,0.28289473684210525,0.29342105263157897,0.28421052631578947,0.2868421052631579
867,Actor,932,867,0.26973684210526316,0.2894736842105263,0.3013157894736842,0.2868421052631579
882,Actor,932,882,0.29342105263157897,0.2789473684210526,0.2881578947368421,0.28684210526315795
703,Actor,932,703,0.2881578947368421,0.2894736842105263,0.28289473684210525,0.28684210526315795
677,Actor,932,677,0.2776315789473684,0.2986842105263158,0.2855263157894737,0.2872807017543859
898,Actor,932,898,0.28157894736842104,0.30657894736842106,0.2736842105263158,0.28728070175438597
692,Actor,932,692,0.2868421052631579,0.29736842105263156,0.2776315789473684,0.28728070175438597
772,Actor,932,772,0.3078947368421053,0.2789473684210526,0.275,0.28728070175438597
845,Actor,932,845,0.2894736842105263,0.2855263157894737,0.2868421052631579,0.28728070175438597
885,Actor,932,885,0.28289473684210525,0.2894736842105263,0.2894736842105263,0.28728070175438597
465,Actor,932,465,0.27631578947368424,0.2855263157894737,0.3,0.28728070175438597
307,Actor,932,307,0.28421052631578947,0.2855263157894737,0.29210526315789476,0.28728070175438597
540,Actor,932,540,0.2868421052631579,0.29342105263157897,0.28157894736842104,0.28728070175438597
598,Actor,932,598,0.26973684210526316,0.2868421052631579,0.30526315789473685,0.28728070175438597
97,Actor,932,97,0.2894736842105263,0.3026315789473684,0.26973684210526316,0.28728070175438597
507,Actor,932,507,0.2868421052631579,0.2710526315789474,0.30394736842105263,0.28728070175438597
611,Actor,932,611,0.29342105263157897,0.2710526315789474,0.29736842105263156,0.28728070175438597
147,Actor,932,147,0.2855263157894737,0.28157894736842104,0.29473684210526313,0.28728070175438597
222,Actor,932,222,0.2881578947368421,0.3131578947368421,0.26052631578947366,0.28728070175438597
612,Actor,932,612,0.3105263157894737,0.27631578947368424,0.275,0.28728070175438597
293,Actor,932,293,0.3013157894736842,0.2894736842105263,0.2710526315789474,0.28728070175438597
644,Actor,932,644,0.3092105263157895,0.2802631578947368,0.2723684210526316,0.28728070175438597
270,Actor,932,270,0.2802631578947368,0.2881578947368421,0.29342105263157897,0.28728070175438597
332,Actor,932,332,0.26842105263157895,0.2868421052631579,0.30657894736842106,0.28728070175438597
386,Actor,932,386,0.29342105263157897,0.2776315789473684,0.29078947368421054,0.28728070175438597
567,Actor,932,567,0.29736842105263156,0.28421052631578947,0.28157894736842104,0.287719298245614
126,Actor,932,126,0.2776315789473684,0.2868421052631579,0.2986842105263158,0.287719298245614
190,Actor,932,190,0.2881578947368421,0.29473684210526313,0.2802631578947368,0.28771929824561404
901,Actor,932,901,0.2789473684210526,0.28157894736842104,0.3026315789473684,0.28771929824561404
69,Actor,932,69,0.29210526315789476,0.2855263157894737,0.2855263157894737,0.28771929824561404
336,Actor,932,336,0.28157894736842104,0.2986842105263158,0.28289473684210525,0.28771929824561404
870,Actor,932,870,0.29736842105263156,0.2736842105263158,0.29210526315789476,0.28771929824561404
124,Actor,932,124,0.2881578947368421,0.2789473684210526,0.29605263157894735,0.28771929824561404
574,Actor,932,574,0.29210526315789476,0.30394736842105263,0.26710526315789473,0.28771929824561404
813,Actor,932,813,0.28421052631578947,0.2855263157894737,0.29342105263157897,0.28771929824561404
860,Actor,932,860,0.2986842105263158,0.27631578947368424,0.2881578947368421,0.28771929824561404
156,Actor,932,156,0.29210526315789476,0.2802631578947368,0.29078947368421054,0.28771929824561404
743,Actor,932,743,0.28421052631578947,0.2855263157894737,0.29342105263157897,0.28771929824561404
719,Actor,932,719,0.28289473684210525,0.2894736842105263,0.29078947368421054,0.28771929824561404
905,Actor,932,905,0.2868421052631579,0.29342105263157897,0.28289473684210525,0.28771929824561404
488,Actor,932,488,0.275,0.3,0.2881578947368421,0.28771929824561404
926,Actor,932,926,0.275,0.29736842105263156,0.29210526315789476,0.2881578947368421
282,Actor,932,282,0.275,0.3078947368421053,0.28157894736842104,0.2881578947368421
499,Actor,932,499,0.2802631578947368,0.2986842105263158,0.2855263157894737,0.2881578947368421
241,Actor,932,241,0.3013157894736842,0.28157894736842104,0.28157894736842104,0.2881578947368421
617,Actor,932,617,0.2868421052631579,0.3026315789473684,0.275,0.2881578947368421
886,Actor,932,886,0.2986842105263158,0.2789473684210526,0.2868421052631579,0.2881578947368421
645,Actor,932,645,0.29605263157894735,0.29210526315789476,0.27631578947368424,0.2881578947368421
454,Actor,932,454,0.2881578947368421,0.29736842105263156,0.2789473684210526,0.2881578947368421
822,Actor,932,822,0.28157894736842104,0.2881578947368421,0.29473684210526313,0.2881578947368421
563,Actor,932,563,0.29473684210526313,0.29078947368421054,0.2789473684210526,0.2881578947368421
53,Actor,932,53,0.29473684210526313,0.2789473684210526,0.29078947368421054,0.2881578947368421
849,Actor,932,849,0.3026315789473684,0.2789473684210526,0.28289473684210525,0.2881578947368421
225,Actor,932,225,0.28421052631578947,0.3013157894736842,0.2789473684210526,0.2881578947368421
629,Actor,932,629,0.28421052631578947,0.2894736842105263,0.29078947368421054,0.2881578947368421
375,Actor,932,375,0.3,0.28157894736842104,0.28289473684210525,0.2881578947368421
830,Actor,932,830,0.29473684210526313,0.2710526315789474,0.3,0.28859649122807013
258,Actor,932,258,0.29736842105263156,0.29473684210526313,0.2736842105263158,0.28859649122807013
403,Actor,932,403,0.28421052631578947,0.2986842105263158,0.28289473684210525,0.28859649122807013
119,Actor,932,119,0.29736842105263156,0.29078947368421054,0.2776315789473684,0.28859649122807013
625,Actor,932,625,0.2894736842105263,0.29078947368421054,0.2855263157894737,0.28859649122807013
674,Actor,932,674,0.3118421052631579,0.2736842105263158,0.2802631578947368,0.28859649122807013
268,Actor,932,268,0.28421052631578947,0.30394736842105263,0.2776315789473684,0.28859649122807013
110,Actor,932,110,0.2802631578947368,0.29078947368421054,0.29473684210526313,0.28859649122807013
344,Actor,932,344,0.29078947368421054,0.2789473684210526,0.29605263157894735,0.28859649122807013
583,Actor,932,583,0.3,0.2802631578947368,0.2855263157894737,0.28859649122807013
271,Actor,932,271,0.28421052631578947,0.29736842105263156,0.28421052631578947,0.28859649122807013
46,Actor,932,46,0.29605263157894735,0.2802631578947368,0.2894736842105263,0.28859649122807013
302,Actor,932,302,0.2789473684210526,0.30394736842105263,0.28289473684210525,0.28859649122807013
548,Actor,932,548,0.28289473684210525,0.3092105263157895,0.2736842105263158,0.28859649122807013
928,Actor,932,928,0.29342105263157897,0.29736842105263156,0.275,0.2885964912280702
34,Actor,932,34,0.3144736842105263,0.28157894736842104,0.26973684210526316,0.2885964912280702
614,Actor,932,614,0.28289473684210525,0.3013157894736842,0.28157894736842104,0.2885964912280702
31,Actor,932,31,0.29342105263157897,0.2855263157894737,0.2868421052631579,0.2885964912280702
920,Actor,932,920,0.29210526315789476,0.26973684210526316,0.30394736842105263,0.2885964912280702
748,Actor,932,748,0.275,0.3013157894736842,0.2894736842105263,0.2885964912280702
207,Actor,932,207,0.2802631578947368,0.3157894736842105,0.26973684210526316,0.2885964912280702
819,Actor,932,819,0.29078947368421054,0.29342105263157897,0.28157894736842104,0.2885964912280702
260,Actor,932,260,0.29342105263157897,0.2881578947368421,0.28421052631578947,0.2885964912280702
305,Actor,932,305,0.28421052631578947,0.2894736842105263,0.29210526315789476,0.2885964912280702
433,Actor,932,433,0.2736842105263158,0.29210526315789476,0.3,0.28859649122807024
2,Actor,932,2,0.29342105263157897,0.29605263157894735,0.27631578947368424,0.28859649122807024
14,Actor,932,14,0.29078947368421054,0.275,0.3,0.28859649122807024
531,Actor,932,531,0.28157894736842104,0.3,0.2855263157894737,0.2890350877192982
594,Actor,932,594,0.3026315789473684,0.28157894736842104,0.28289473684210525,0.28903508771929826
765,Actor,932,765,0.30657894736842106,0.2868421052631579,0.2736842105263158,0.28903508771929826
900,Actor,932,900,0.27631578947368424,0.2855263157894737,0.30526315789473685,0.28903508771929826
214,Actor,932,214,0.2789473684210526,0.2868421052631579,0.3013157894736842,0.28903508771929826
231,Actor,932,231,0.2881578947368421,0.3,0.2789473684210526,0.28903508771929826
153,Actor,932,153,0.2855263157894737,0.2855263157894737,0.29605263157894735,0.28903508771929826
927,Actor,932,927,0.2881578947368421,0.275,0.30394736842105263,0.28903508771929826
246,Actor,932,246,0.30394736842105263,0.2868421052631579,0.27631578947368424,0.28903508771929826
74,Actor,932,74,0.2986842105263158,0.2802631578947368,0.2881578947368421,0.28903508771929826
881,Actor,932,881,0.2855263157894737,0.2868421052631579,0.29473684210526313,0.28903508771929826
597,Actor,932,597,0.28157894736842104,0.29605263157894735,0.2894736842105263,0.28903508771929826
116,Actor,932,116,0.29473684210526313,0.28289473684210525,0.2894736842105263,0.28903508771929826
95,Actor,932,95,0.29210526315789476,0.3,0.275,0.28903508771929826
376,Actor,932,376,0.29210526315789476,0.29473684210526313,0.28157894736842104,0.28947368421052627
393,Actor,932,393,0.2723684210526316,0.2881578947368421,0.3078947368421053,0.2894736842105263
512,Actor,932,512,0.2723684210526316,0.30526315789473685,0.29078947368421054,0.2894736842105263
532,Actor,932,532,0.29736842105263156,0.2868421052631579,0.28421052631578947,0.2894736842105263
833,Actor,932,833,0.29078947368421054,0.29342105263157897,0.28421052631578947,0.2894736842105263
874,Actor,932,874,0.29736842105263156,0.27631578947368424,0.29473684210526313,0.2894736842105263
653,Actor,932,653,0.2881578947368421,0.29210526315789476,0.2881578947368421,0.2894736842105263
871,Actor,932,871,0.29078947368421054,0.2894736842105263,0.2881578947368421,0.2894736842105263
896,Actor,932,896,0.26973684210526316,0.30394736842105263,0.29473684210526313,0.2894736842105263
289,Actor,932,289,0.2855263157894737,0.2855263157894737,0.29736842105263156,0.2894736842105263
265,Actor,932,265,0.30657894736842106,0.275,0.2881578947368421,0.2899122807017544
831,Actor,932,831,0.30657894736842106,0.28421052631578947,0.2789473684210526,0.2899122807017544
801,Actor,932,801,0.2736842105263158,0.3157894736842105,0.2802631578947368,0.2899122807017544
786,Actor,932,786,0.2894736842105263,0.2868421052631579,0.29342105263157897,0.2899122807017544
371,Actor,932,371,0.26973684210526316,0.3026315789473684,0.29736842105263156,0.2899122807017544
243,Actor,932,243,0.2802631578947368,0.3105263157894737,0.2789473684210526,0.2899122807017544
857,Actor,932,857,0.2723684210526316,0.3013157894736842,0.29605263157894735,0.2899122807017544
672,Actor,932,672,0.28421052631578947,0.3,0.2855263157894737,0.2899122807017544
93,Actor,932,93,0.29078947368421054,0.29342105263157897,0.2855263157894737,0.2899122807017544
85,Actor,932,85,0.29210526315789476,0.29342105263157897,0.28421052631578947,0.2899122807017544
520,Actor,932,520,0.29736842105263156,0.26710526315789473,0.30526315789473685,0.2899122807017544
220,Actor,932,220,0.29210526315789476,0.2789473684210526,0.2986842105263158,0.2899122807017544
16,Actor,932,16,0.28289473684210525,0.2855263157894737,0.3013157894736842,0.2899122807017544
875,Actor,932,875,0.2881578947368421,0.28289473684210525,0.2986842105263158,0.2899122807017544
873,Actor,932,873,0.2802631578947368,0.29473684210526313,0.29473684210526313,0.2899122807017544
706,Actor,932,706,0.29605263157894735,0.2855263157894737,0.2881578947368421,0.2899122807017544
138,Actor,932,138,0.2789473684210526,0.2881578947368421,0.3026315789473684,0.2899122807017544
924,Actor,932,924,0.3013157894736842,0.28157894736842104,0.2868421052631579,0.2899122807017544
524,Actor,932,524,0.29605263157894735,0.2789473684210526,0.29473684210526313,0.2899122807017544
42,Actor,932,42,0.28421052631578947,0.28421052631578947,0.3013157894736842,0.2899122807017544
850,Actor,932,850,0.28157894736842104,0.29078947368421054,0.29736842105263156,0.2899122807017544
49,Actor,932,49,0.2881578947368421,0.2868421052631579,0.29473684210526313,0.2899122807017544
736,Actor,932,736,0.3026315789473684,0.28289473684210525,0.2855263157894737,0.2903508771929824
410,Actor,932,410,0.3013157894736842,0.2736842105263158,0.29605263157894735,0.2903508771929824
272,Actor,932,272,0.28421052631578947,0.28421052631578947,0.3026315789473684,0.2903508771929824
546,Actor,932,546,0.3092105263157895,0.2710526315789474,0.29078947368421054,0.2903508771929824
517,Actor,932,517,0.2710526315789474,0.29473684210526313,0.30526315789473685,0.2903508771929824
303,Actor,932,303,0.31842105263157894,0.2789473684210526,0.2736842105263158,0.2903508771929824
163,Actor,932,163,0.2776315789473684,0.29736842105263156,0.29605263157894735,0.2903508771929824
28,Actor,932,28,0.2776315789473684,0.3105263157894737,0.28289473684210525,0.2903508771929824
452,Actor,932,452,0.26842105263157895,0.3026315789473684,0.3,0.2903508771929824
167,Actor,932,167,0.2789473684210526,0.3026315789473684,0.2894736842105263,0.2903508771929824
510,Actor,932,510,0.30526315789473685,0.28421052631578947,0.28157894736842104,0.29035087719298247
232,Actor,932,232,0.30657894736842106,0.2776315789473684,0.2868421052631579,0.29035087719298247
623,Actor,932,623,0.28289473684210525,0.30657894736842106,0.28157894736842104,0.29035087719298247
4,Actor,932,4,0.2894736842105263,0.30657894736842106,0.275,0.29035087719298247
118,Actor,932,118,0.29210526315789476,0.2894736842105263,0.2894736842105263,0.29035087719298247
381,Actor,932,381,0.29210526315789476,0.3026315789473684,0.27631578947368424,0.2903508771929825
658,Actor,932,658,0.29342105263157897,0.2894736842105263,0.2881578947368421,0.2903508771929825
287,Actor,932,287,0.3,0.2868421052631579,0.2855263157894737,0.2907894736842105
13,Actor,932,13,0.29473684210526313,0.29210526315789476,0.2855263157894737,0.2907894736842105
355,Actor,932,355,0.2986842105263158,0.2881578947368421,0.2855263157894737,0.2907894736842105
155,Actor,932,155,0.2802631578947368,0.3013157894736842,0.29078947368421054,0.2907894736842105
273,Actor,932,273,0.29605263157894735,0.29605263157894735,0.2802631578947368,0.2907894736842105
776,Actor,932,776,0.2986842105263158,0.29342105263157897,0.2802631578947368,0.2907894736842105
107,Actor,932,107,0.28421052631578947,0.28421052631578947,0.30394736842105263,0.29078947368421054
648,Actor,932,648,0.2881578947368421,0.3026315789473684,0.28157894736842104,0.29078947368421054
353,Actor,932,353,0.3,0.29736842105263156,0.275,0.29078947368421054
400,Actor,932,400,0.29078947368421054,0.28289473684210525,0.2986842105263158,0.29078947368421054
788,Actor,932,788,0.29605263157894735,0.30657894736842106,0.26973684210526316,0.29078947368421054
758,Actor,932,758,0.29210526315789476,0.30657894736842106,0.2736842105263158,0.29078947368421054
374,Actor,932,374,0.29473684210526313,0.28421052631578947,0.29342105263157897,0.29078947368421054
203,Actor,932,203,0.3026315789473684,0.28421052631578947,0.2868421052631579,0.29122807017543856
422,Actor,932,422,0.29342105263157897,0.28157894736842104,0.2986842105263158,0.29122807017543856
86,Actor,932,86,0.29605263157894735,0.2802631578947368,0.29736842105263156,0.29122807017543856
755,Actor,932,755,0.29210526315789476,0.3,0.28157894736842104,0.29122807017543856
823,Actor,932,823,0.28157894736842104,0.30394736842105263,0.2881578947368421,0.2912280701754386
441,Actor,932,441,0.28421052631578947,0.29210526315789476,0.29736842105263156,0.2912280701754386
280,Actor,932,280,0.29210526315789476,0.29342105263157897,0.2881578947368421,0.2912280701754386
562,Actor,932,562,0.3026315789473684,0.3026315789473684,0.26842105263157895,0.2912280701754386
215,Actor,932,215,0.28157894736842104,0.29078947368421054,0.3013157894736842,0.2912280701754386
880,Actor,932,880,0.29210526315789476,0.28421052631578947,0.29736842105263156,0.2912280701754386
595,Actor,932,595,0.28421052631578947,0.29342105263157897,0.29605263157894735,0.2912280701754386
333,Actor,932,333,0.28421052631578947,0.29473684210526313,0.29473684210526313,0.2912280701754386
593,Actor,932,593,0.29078947368421054,0.28157894736842104,0.3026315789473684,0.2916666666666667
685,Actor,932,685,0.2868421052631579,0.2894736842105263,0.2986842105263158,0.2916666666666667
368,Actor,932,368,0.2855263157894737,0.30657894736842106,0.28289473684210525,0.2916666666666667
481,Actor,932,481,0.29736842105263156,0.29473684210526313,0.28289473684210525,0.2916666666666667
506,Actor,932,506,0.29473684210526313,0.30657894736842106,0.2736842105263158,0.2916666666666667
362,Actor,932,362,0.28289473684210525,0.3131578947368421,0.2789473684210526,0.2916666666666667
701,Actor,932,701,0.2894736842105263,0.29473684210526313,0.29078947368421054,0.2916666666666667
782,Actor,932,782,0.2776315789473684,0.2789473684210526,0.31842105263157894,0.2916666666666667
505,Actor,932,505,0.2868421052631579,0.2868421052631579,0.3013157894736842,0.2916666666666667
516,Actor,932,516,0.2723684210526316,0.3026315789473684,0.3,0.2916666666666667
423,Actor,932,423,0.2855263157894737,0.29342105263157897,0.29736842105263156,0.2921052631578947
581,Actor,932,581,0.30526315789473685,0.2657894736842105,0.30526315789473685,0.2921052631578947
930,Actor,932,930,0.2986842105263158,0.28289473684210525,0.29473684210526313,0.2921052631578947
347,Actor,932,347,0.29605263157894735,0.28421052631578947,0.29605263157894735,0.2921052631578947
722,Actor,932,722,0.29210526315789476,0.3013157894736842,0.28289473684210525,0.2921052631578947
596,Actor,932,596,0.29078947368421054,0.2802631578947368,0.30526315789473685,0.2921052631578947
121,Actor,932,121,0.29605263157894735,0.29078947368421054,0.2894736842105263,0.2921052631578947
186,Actor,932,186,0.29605263157894735,0.29078947368421054,0.2894736842105263,0.2921052631578947
475,Actor,932,475,0.2723684210526316,0.3013157894736842,0.3026315789473684,0.2921052631578947
622,Actor,932,622,0.29342105263157897,0.29078947368421054,0.29210526315789476,0.29210526315789476
892,Actor,932,892,0.3105263157894737,0.29605263157894735,0.26973684210526316,0.29210526315789476
824,Actor,932,824,0.3013157894736842,0.29605263157894735,0.2802631578947368,0.2925438596491228
502,Actor,932,502,0.28157894736842104,0.3,0.29605263157894735,0.2925438596491228
315,Actor,932,315,0.2881578947368421,0.28157894736842104,0.3078947368421053,0.2925438596491228
313,Actor,932,313,0.32105263157894737,0.27631578947368424,0.2802631578947368,0.2925438596491228
206,Actor,932,206,0.29605263157894735,0.2868421052631579,0.29473684210526313,0.2925438596491228
879,Actor,932,879,0.29078947368421054,0.29605263157894735,0.29078947368421054,0.2925438596491228
43,Actor,932,43,0.29342105263157897,0.2894736842105263,0.29473684210526313,0.29254385964912283
108,Actor,932,108,0.30657894736842106,0.2894736842105263,0.28157894736842104,0.29254385964912283
883,Actor,932,883,0.2881578947368421,0.3105263157894737,0.2789473684210526,0.29254385964912283
27,Actor,932,27,0.27631578947368424,0.3,0.3013157894736842,0.29254385964912283
380,Actor,932,380,0.3026315789473684,0.2986842105263158,0.27631578947368424,0.29254385964912283
714,Actor,932,714,0.2789473684210526,0.2894736842105263,0.3092105263157895,0.29254385964912283
537,Actor,932,537,0.2802631578947368,0.2868421052631579,0.3105263157894737,0.29254385964912283
288,Actor,932,288,0.2894736842105263,0.3013157894736842,0.2868421052631579,0.29254385964912283
694,Actor,932,694,0.2776315789473684,0.29473684210526313,0.30657894736842106,0.29298245614035084
731,Actor,932,731,0.2802631578947368,0.3236842105263158,0.275,0.29298245614035084
247,Actor,932,247,0.3105263157894737,0.2802631578947368,0.2881578947368421,0.2929824561403509
631,Actor,932,631,0.30394736842105263,0.29736842105263156,0.2776315789473684,0.2929824561403509
639,Actor,932,639,0.29210526315789476,0.3078947368421053,0.2789473684210526,0.2929824561403509
9,Actor,932,9,0.27631578947368424,0.3144736842105263,0.2881578947368421,0.2929824561403509
589,Actor,932,589,0.26710526315789473,0.3144736842105263,0.2986842105263158,0.2934210526315789
572,Actor,932,572,0.2881578947368421,0.3,0.29210526315789476,0.29342105263157897
906,Actor,932,906,0.29210526315789476,0.30526315789473685,0.28289473684210525,0.29342105263157897
402,Actor,932,402,0.29736842105263156,0.3092105263157895,0.2736842105263158,0.29342105263157897
238,Actor,932,238,0.28289473684210525,0.3078947368421053,0.2894736842105263,0.29342105263157897
165,Actor,932,165,0.2986842105263158,0.3026315789473684,0.2789473684210526,0.29342105263157897
549,Actor,932,549,0.29736842105263156,0.2881578947368421,0.29473684210526313,0.29342105263157897
26,Actor,932,26,0.29605263157894735,0.3,0.28421052631578947,0.29342105263157897
518,Actor,932,518,0.3013157894736842,0.30657894736842106,0.2723684210526316,0.29342105263157897
311,Actor,932,311,0.29473684210526313,0.29210526315789476,0.29473684210526313,0.293859649122807
363,Actor,932,363,0.30394736842105263,0.2789473684210526,0.2986842105263158,0.293859649122807
367,Actor,932,367,0.2868421052631579,0.3,0.29473684210526313,0.293859649122807
613,Actor,932,613,0.2802631578947368,0.28289473684210525,0.31842105263157894,0.293859649122807
911,Actor,932,911,0.29605263157894735,0.2986842105263158,0.2868421052631579,0.293859649122807
204,Actor,932,204,0.2855263157894737,0.3026315789473684,0.29342105263157897,0.293859649122807
476,Actor,932,476,0.2868421052631579,0.3,0.29605263157894735,0.29429824561403506
477,Actor,932,477,0.29473684210526313,0.3105263157894737,0.2776315789473684,0.29429824561403506
306,Actor,932,306,0.28421052631578947,0.30657894736842106,0.29210526315789476,0.2942982456140351
148,Actor,932,148,0.29736842105263156,0.2986842105263158,0.2868421052631579,0.2942982456140351
198,Actor,932,198,0.2894736842105263,0.2868421052631579,0.30657894736842106,0.2942982456140351
773,Actor,932,773,0.30657894736842106,0.2855263157894737,0.29210526315789476,0.29473684210526313
340,Actor,932,340,0.3,0.2855263157894737,0.2986842105263158,0.29473684210526313
182,Actor,932,182,0.28289473684210525,0.3078947368421053,0.29342105263157897,0.2947368421052632
181,Actor,932,181,0.3092105263157895,0.2855263157894737,0.2894736842105263,0.2947368421052632
673,Actor,932,673,0.2802631578947368,0.31842105263157894,0.2868421052631579,0.2951754385964912
474,Actor,932,474,0.28157894736842104,0.29210526315789476,0.3118421052631579,0.29517543859649126
442,Actor,932,442,0.3105263157894737,0.3013157894736842,0.2736842105263158,0.29517543859649126
438,Actor,932,438,0.3026315789473684,0.2881578947368421,0.29473684210526313,0.29517543859649126
599,Actor,932,599,0.2855263157894737,0.2736842105263158,0.3263157894736842,0.29517543859649126
1,Actor,932,1,0.275,0.29078947368421054,0.31973684210526315,0.29517543859649126
125,Actor,932,125,0.3026315789473684,0.2986842105263158,0.2855263157894737,0.2956140350877193
189,Actor,932,189,0.3078947368421053,0.29473684210526313,0.28421052631578947,0.2956140350877193
30,Actor,932,30,0.3013157894736842,0.28421052631578947,0.3013157894736842,0.2956140350877193
64,Actor,932,64,0.29473684210526313,0.29736842105263156,0.29473684210526313,0.2956140350877193
804,Actor,932,804,0.29210526315789476,0.2868421052631579,0.3078947368421053,0.2956140350877193
798,Actor,932,798,0.2736842105263158,0.3223684210526316,0.29078947368421054,0.2956140350877193
568,Actor,932,568,0.29210526315789476,0.30394736842105263,0.29078947368421054,0.2956140350877193
365,Actor,932,365,0.29342105263157897,0.3,0.29473684210526313,0.29605263157894735
698,Actor,932,698,0.31842105263157894,0.29078947368421054,0.2789473684210526,0.29605263157894735
132,Actor,932,132,0.30526315789473685,0.28421052631578947,0.2986842105263158,0.2960526315789474
931,Actor,932,931,0.3092105263157895,0.3105263157894737,0.26973684210526316,0.2964912280701754
762,Actor,932,762,0.3,0.29736842105263156,0.29210526315789476,0.2964912280701754
710,Actor,932,710,0.3013157894736842,0.29342105263157897,0.29473684210526313,0.29649122807017547
763,Actor,932,763,0.29342105263157897,0.2894736842105263,0.30657894736842106,0.29649122807017547
467,Actor,932,467,0.2894736842105263,0.3118421052631579,0.2881578947368421,0.29649122807017547
326,Actor,932,326,0.3131578947368421,0.3026315789473684,0.275,0.2969298245614035
865,Actor,932,865,0.28157894736842104,0.3171052631578947,0.29210526315789476,0.2969298245614035
210,Actor,932,210,0.2776315789473684,0.30526315789473685,0.3092105263157895,0.29736842105263156
643,Actor,932,643,0.30657894736842106,0.30394736842105263,0.28157894736842104,0.29736842105263156
239,Actor,932,239,0.29605263157894735,0.30526315789473685,0.29078947368421054,0.29736842105263156
754,Actor,932,754,0.28421052631578947,0.3,0.3078947368421053,0.29736842105263156
299,Actor,932,299,0.3013157894736842,0.3092105263157895,0.28289473684210525,0.29780701754385963
470,Actor,932,470,0.29473684210526313,0.2881578947368421,0.3105263157894737,0.29780701754385963
352,Actor,932,352,0.3013157894736842,0.2986842105263158,0.29473684210526313,0.2982456140350877
192,Actor,932,192,0.27631578947368424,0.31973684210526315,0.2986842105263158,0.2982456140350877
508,Actor,932,508,0.3026315789473684,0.3092105263157895,0.28289473684210525,0.29824561403508776
696,Actor,932,696,0.28421052631578947,0.3026315789473684,0.3092105263157895,0.2986842105263158
413,Actor,932,413,0.30394736842105263,0.29342105263157897,0.2986842105263158,0.2986842105263158
111,Actor,932,111,0.30526315789473685,0.2776315789473684,0.3131578947368421,0.2986842105263158
607,Actor,932,607,0.29473684210526313,0.3026315789473684,0.2986842105263158,0.2986842105263158
519,Actor,932,519,0.3092105263157895,0.3105263157894737,0.2776315789473684,0.29912280701754385
191,Actor,932,191,0.28289473684210525,0.3026315789473684,0.3118421052631579,0.29912280701754385
242,Actor,932,242,0.29473684210526313,0.31973684210526315,0.2855263157894737,0.3
10,Actor,932,10,0.3026315789473684,0.29736842105263156,0.3,0.3
669,Actor,932,669,0.30394736842105263,0.29473684210526313,0.3026315789473684,0.300438596491228
761,Actor,932,761,0.30394736842105263,0.2986842105263158,0.2986842105263158,0.30043859649122806
354,Actor,932,354,0.31842105263157894,0.29078947368421054,0.29342105263157897,0.30087719298245613
426,Actor,932,426,0.2868421052631579,0.3026315789473684,0.3144736842105263,0.3013157894736842
227,Actor,932,227,0.2868421052631579,0.3026315789473684,0.3157894736842105,0.3017543859649123
923,Actor,932,923,0.3013157894736842,0.3105263157894737,0.29342105263157897,0.30175438596491233
728,Actor,932,728,0.2986842105263158,0.2986842105263158,0.3105263157894737,0.3026315789473684
539,Actor,932,539,0.2894736842105263,0.3381578947368421,0.28289473684210525,0.30350877192982456
72,Actor,932,72,0.29078947368421054,0.3368421052631579,0.28421052631578947,0.30394736842105263
591,Actor,932,591,0.29736842105263156,0.30657894736842106,0.3105263157894737,0.3048245614035088
57,Actor,932,57,0.2881578947368421,0.3118421052631579,0.3157894736842105,0.30526315789473685
472,Actor,932,472,0.29605263157894735,0.3,0.325,0.30701754385964913
834,Actor,932,834,0.32105263157894737,0.2986842105263158,0.3131578947368421,0.3109649122807017
