,DataSet,TotalFeat,Range,Round 1,Round 2,Round 3,Average
726,Actor,932,726,0.280263158,0.289473684,0.290789474,0.286842105
355,Actor,932,355,0.298684211,0.288157895,0.285526316,0.290789474
486,Actor,932,486,0.3,0.264473684,0.275,0.279824561
270,Actor,932,270,0.280263158,0.288157895,0.293421053,0.287280702
510,Actor,932,510,0.305263158,0.284210526,0.281578947,0.290350877
561,Actor,932,561,0.292105263,0.290789474,0.271052632,0.284649123
529,Actor,932,529,0.276315789,0.271052632,0.298684211,0.282017544
786,Actor,932,786,0.289473684,0.286842105,0.293421053,0.289912281
373,Actor,932,373,0.296052632,0.259210526,0.265789474,0.273684211
187,Actor,932,187,0.294736842,0.277631579,0.268421053,0.280263158
747,Actor,932,747,0.277631579,0.282894737,0.271052632,0.277192982
797,Actor,932,797,0.281578947,0.272368421,0.261842105,0.271929825
365,Actor,932,365,0.293421053,0.3,0.294736842,0.296052632
46,Actor,932,46,0.296052632,0.280263158,0.289473684,0.288596491
254,Actor,932,254,0.288157895,0.278947368,0.273684211,0.280263158
729,Actor,932,729,0.273684211,0.273684211,0.273684211,0.273684211
384,Actor,932,384,0.268421053,0.276315789,0.284210526,0.276315789
345,Actor,932,345,0.271052632,0.272368421,0.288157895,0.277192982
911,Actor,932,911,0.296052632,0.298684211,0.286842105,0.293859649
380,Actor,932,380,0.302631579,0.298684211,0.276315789,0.29254386
653,Actor,932,653,0.288157895,0.292105263,0.288157895,0.289473684
777,Actor,932,777,0.281578947,0.281578947,0.275,0.279385965
77,Actor,932,77,0.278947368,0.276315789,0.298684211,0.284649123
374,Actor,932,374,0.294736842,0.284210526,0.293421053,0.290789474
24,Actor,932,24,0.278947368,0.284210526,0.284210526,0.28245614
467,Actor,932,467,0.289473684,0.311842105,0.288157895,0.296491228
399,Actor,932,399,0.277631579,0.272368421,0.264473684,0.271491228
408,Actor,932,408,0.285526316,0.268421053,0.284210526,0.279385965
685,Actor,932,685,0.286842105,0.289473684,0.298684211,0.291666667
742,Actor,932,742,0.271052632,0.289473684,0.275,0.278508772
154,Actor,932,154,0.281578947,0.289473684,0.275,0.282017544
267,Actor,932,267,0.278947368,0.288157895,0.276315789,0.281140351
856,Actor,932,856,0.284210526,0.275,0.289473684,0.282894737
930,Actor,932,930,0.298684211,0.282894737,0.294736842,0.292105263
654,Actor,932,654,0.282894737,0.272368421,0.276315789,0.277192982
865,Actor,932,865,0.281578947,0.317105263,0.292105263,0.296929825
640,Actor,932,640,0.276315789,0.288157895,0.281578947,0.282017544
682,Actor,932,682,0.296052632,0.276315789,0.275,0.28245614
112,Actor,932,112,0.301315789,0.271052632,0.278947368,0.28377193
96,Actor,932,96,0.280263158,0.275,0.298684211,0.284649123
105,Actor,932,105,0.303947368,0.255263158,0.271052632,0.276754386
540,Actor,932,540,0.286842105,0.293421053,0.281578947,0.287280702
545,Actor,932,545,0.301315789,0.277631579,0.268421053,0.28245614
890,Actor,932,890,0.286842105,0.268421053,0.297368421,0.284210526
88,Actor,932,88,0.260526316,0.273684211,0.297368421,0.277192982
759,Actor,932,759,0.278947368,0.278947368,0.281578947,0.279824561
849,Actor,932,849,0.302631579,0.278947368,0.282894737,0.288157895
120,Actor,932,120,0.284210526,0.273684211,0.275,0.277631579
848,Actor,932,848,0.284210526,0.292105263,0.272368421,0.282894737
469,Actor,932,469,0.276315789,0.292105263,0.276315789,0.281578947
535,Actor,932,535,0.277631579,0.265789474,0.302631579,0.282017544
239,Actor,932,239,0.296052632,0.305263158,0.290789474,0.297368421
559,Actor,932,559,0.285526316,0.273684211,0.268421053,0.275877193
636,Actor,932,636,0.297368421,0.273684211,0.288157895,0.286403509
49,Actor,932,49,0.288157895,0.286842105,0.294736842,0.289912281
746,Actor,932,746,0.280263158,0.286842105,0.290789474,0.285964912
858,Actor,932,858,0.277631579,0.280263158,0.288157895,0.282017544
1,Actor,932,1,0.275,0.290789474,0.319736842,0.295175439
417,Actor,932,417,0.271052632,0.272368421,0.296052632,0.279824561
876,Actor,932,876,0.275,0.290789474,0.277631579,0.281140351
11,Actor,932,11,0.280263158,0.275,0.268421053,0.274561404
515,Actor,932,515,0.265789474,0.280263158,0.297368421,0.281140351
452,Actor,932,452,0.268421053,0.302631579,0.3,0.290350877
779,Actor,932,779,0.286842105,0.296052632,0.277631579,0.286842105
395,Actor,932,395,0.273684211,0.288157895,0.271052632,0.277631579
108,Actor,932,108,0.306578947,0.289473684,0.281578947,0.29254386
922,Actor,932,922,0.282894737,0.284210526,0.282894737,0.283333333
768,Actor,932,768,0.293421053,0.288157895,0.272368421,0.284649123
37,Actor,932,37,0.288157895,0.269736842,0.275,0.277631579
480,Actor,932,480,0.272368421,0.277631579,0.275,0.275
465,Actor,932,465,0.276315789,0.285526316,0.3,0.287280702
98,Actor,932,98,0.275,0.267105263,0.272368421,0.271491228
853,Actor,932,853,0.289473684,0.290789474,0.269736842,0.283333333
618,Actor,932,618,0.281578947,0.280263158,0.263157895,0.275
557,Actor,932,557,0.269736842,0.289473684,0.275,0.278070175
900,Actor,932,900,0.276315789,0.285526316,0.305263158,0.289035088
520,Actor,932,520,0.297368421,0.267105263,0.305263158,0.289912281
342,Actor,932,342,0.280263158,0.277631579,0.276315789,0.278070175
307,Actor,932,307,0.284210526,0.285526316,0.292105263,0.287280702
16,Actor,932,16,0.282894737,0.285526316,0.301315789,0.289912281
581,Actor,932,581,0.305263158,0.265789474,0.305263158,0.292105263
805,Actor,932,805,0.284210526,0.280263158,0.275,0.279824561
803,Actor,932,803,0.273684211,0.278947368,0.286842105,0.279824561
104,Actor,932,104,0.294736842,0.265789474,0.288157895,0.282894737
97,Actor,932,97,0.289473684,0.302631579,0.269736842,0.287280702
81,Actor,932,81,0.280263158,0.268421053,0.285526316,0.278070175
754,Actor,932,754,0.284210526,0.3,0.307894737,0.297368421
888,Actor,932,888,0.297368421,0.281578947,0.269736842,0.282894737
590,Actor,932,590,0.282894737,0.292105263,0.273684211,0.282894737
831,Actor,932,831,0.306578947,0.284210526,0.278947368,0.289912281
816,Actor,932,816,0.281578947,0.272368421,0.275,0.276315789
296,Actor,932,296,0.290789474,0.286842105,0.276315789,0.284649123
144,Actor,932,144,0.267105263,0.289473684,0.271052632,0.275877193
866,Actor,932,866,0.268421053,0.297368421,0.271052632,0.278947368
886,Actor,932,886,0.298684211,0.278947368,0.286842105,0.288157895
461,Actor,932,461,0.282894737,0.277631579,0.281578947,0.280701754
826,Actor,932,826,0.271052632,0.278947368,0.272368421,0.274122807
644,Actor,932,644,0.309210526,0.280263158,0.272368421,0.287280702
372,Actor,932,372,0.275,0.301315789,0.281578947,0.285964912
617,Actor,932,617,0.286842105,0.302631579,0.275,0.288157895
704,Actor,932,704,0.289473684,0.276315789,0.289473684,0.285087719
391,Actor,932,391,0.268421053,0.294736842,0.280263158,0.281140351
657,Actor,932,657,0.282894737,0.280263158,0.286842105,0.283333333
835,Actor,932,835,0.285526316,0.286842105,0.265789474,0.279385965
162,Actor,932,162,0.265789474,0.271052632,0.301315789,0.279385965
810,Actor,932,810,0.282894737,0.268421053,0.275,0.275438596
730,Actor,932,730,0.273684211,0.286842105,0.278947368,0.279824561
449,Actor,932,449,0.294736842,0.280263158,0.269736842,0.281578947
400,Actor,932,400,0.290789474,0.282894737,0.298684211,0.290789474
220,Actor,932,220,0.292105263,0.278947368,0.298684211,0.289912281
340,Actor,932,340,0.3,0.285526316,0.298684211,0.294736842
589,Actor,932,589,0.267105263,0.314473684,0.298684211,0.293421053
17,Actor,932,17,0.278947368,0.281578947,0.281578947,0.280701754
598,Actor,932,598,0.269736842,0.286842105,0.305263158,0.287280702
313,Actor,932,313,0.321052632,0.276315789,0.280263158,0.29254386
333,Actor,932,333,0.284210526,0.294736842,0.294736842,0.29122807
918,Actor,932,918,0.280263158,0.303947368,0.267105263,0.28377193
769,Actor,932,769,0.278947368,0.273684211,0.292105263,0.281578947
717,Actor,932,717,0.292105263,0.286842105,0.269736842,0.282894737
684,Actor,932,684,0.298684211,0.278947368,0.271052632,0.282894737
703,Actor,932,703,0.288157895,0.289473684,0.282894737,0.286842105
85,Actor,932,85,0.292105263,0.293421053,0.284210526,0.289912281
622,Actor,932,622,0.293421053,0.290789474,0.292105263,0.292105263
43,Actor,932,43,0.293421053,0.289473684,0.294736842,0.29254386
906,Actor,932,906,0.292105263,0.305263158,0.282894737,0.293421053
706,Actor,932,706,0.296052632,0.285526316,0.288157895,0.289912281
673,Actor,932,673,0.280263158,0.318421053,0.286842105,0.295175439
524,Actor,932,524,0.296052632,0.278947368,0.294736842,0.289912281
681,Actor,932,681,0.268421053,0.305263158,0.276315789,0.283333333
45,Actor,932,45,0.276315789,0.278947368,0.277631579,0.277631579
180,Actor,932,180,0.278947368,0.268421053,0.271052632,0.272807018
623,Actor,932,623,0.282894737,0.306578947,0.281578947,0.290350877
288,Actor,932,288,0.289473684,0.301315789,0.286842105,0.29254386
591,Actor,932,591,0.297368421,0.306578947,0.310526316,0.304824561
898,Actor,932,898,0.281578947,0.306578947,0.273684211,0.287280702
169,Actor,932,169,0.275,0.273684211,0.278947368,0.275877193
258,Actor,932,258,0.297368421,0.294736842,0.273684211,0.288596491
611,Actor,932,611,0.293421053,0.271052632,0.297368421,0.287280702
176,Actor,932,176,0.268421053,0.255263158,0.282894737,0.268859649
289,Actor,932,289,0.285526316,0.285526316,0.297368421,0.289473684
671,Actor,932,671,0.288157895,0.269736842,0.275,0.277631579
926,Actor,932,926,0.275,0.297368421,0.292105263,0.288157895
801,Actor,932,801,0.273684211,0.315789474,0.280263158,0.289912281
658,Actor,932,658,0.293421053,0.289473684,0.288157895,0.290350877
574,Actor,932,574,0.292105263,0.303947368,0.267105263,0.287719298
219,Actor,932,219,0.292105263,0.265789474,0.277631579,0.278508772
186,Actor,932,186,0.296052632,0.290789474,0.289473684,0.292105263
35,Actor,932,35,0.268421053,0.268421053,0.265789474,0.26754386
441,Actor,932,441,0.284210526,0.292105263,0.297368421,0.29122807
603,Actor,932,603,0.284210526,0.278947368,0.290789474,0.284649123
251,Actor,932,251,0.282894737,0.280263158,0.276315789,0.279824561
432,Actor,932,432,0.253947368,0.281578947,0.284210526,0.273245614
317,Actor,932,317,0.267105263,0.286842105,0.278947368,0.277631579
34,Actor,932,34,0.314473684,0.281578947,0.269736842,0.288596491
570,Actor,932,570,0.272368421,0.280263158,0.282894737,0.278508772
855,Actor,932,855,0.280263158,0.298684211,0.276315789,0.285087719
625,Actor,932,625,0.289473684,0.290789474,0.285526316,0.288596491
783,Actor,932,783,0.273684211,0.286842105,0.284210526,0.281578947
117,Actor,932,117,0.285526316,0.281578947,0.286842105,0.284649123
693,Actor,932,693,0.285526316,0.285526316,0.289473684,0.286842105
723,Actor,932,723,0.281578947,0.292105263,0.285526316,0.286403509
705,Actor,932,705,0.282894737,0.281578947,0.282894737,0.28245614
509,Actor,932,509,0.276315789,0.276315789,0.289473684,0.280701754
298,Actor,932,298,0.286842105,0.292105263,0.273684211,0.284210526
796,Actor,932,796,0.277631579,0.278947368,0.289473684,0.282017544
18,Actor,932,18,0.284210526,0.281578947,0.282894737,0.282894737
862,Actor,932,862,0.293421053,0.290789474,0.265789474,0.283333333
100,Actor,932,100,0.292105263,0.278947368,0.272368421,0.281140351
733,Actor,932,733,0.285526316,0.289473684,0.271052632,0.282017544
712,Actor,932,712,0.276315789,0.276315789,0.284210526,0.278947368
537,Actor,932,537,0.280263158,0.286842105,0.310526316,0.29254386
808,Actor,932,808,0.271052632,0.278947368,0.288157895,0.279385965
306,Actor,932,306,0.284210526,0.306578947,0.292105263,0.294298246
193,Actor,932,193,0.268421053,0.285526316,0.278947368,0.277631579
660,Actor,932,660,0.293421053,0.265789474,0.276315789,0.278508772
457,Actor,932,457,0.284210526,0.268421053,0.265789474,0.272807018
33,Actor,932,33,0.297368421,0.269736842,0.284210526,0.28377193
331,Actor,932,331,0.285526316,0.284210526,0.263157895,0.277631579
261,Actor,932,261,0.280263158,0.294736842,0.275,0.283333333
894,Actor,932,894,0.269736842,0.297368421,0.289473684,0.285526316
554,Actor,932,554,0.273684211,0.288157895,0.253947368,0.271929825
150,Actor,932,150,0.276315789,0.290789474,0.284210526,0.28377193
402,Actor,932,402,0.297368421,0.309210526,0.273684211,0.293421053
234,Actor,932,234,0.290789474,0.296052632,0.273684211,0.286842105
29,Actor,932,29,0.301315789,0.269736842,0.284210526,0.285087719
501,Actor,932,501,0.288157895,0.281578947,0.281578947,0.28377193
606,Actor,932,606,0.305263158,0.285526316,0.268421053,0.286403509
542,Actor,932,542,0.286842105,0.277631579,0.261842105,0.275438596
451,Actor,932,451,0.275,0.290789474,0.278947368,0.281578947
546,Actor,932,546,0.309210526,0.271052632,0.290789474,0.290350877
763,Actor,932,763,0.293421053,0.289473684,0.306578947,0.296491228
662,Actor,932,662,0.281578947,0.253947368,0.271052632,0.268859649
446,Actor,932,446,0.298684211,0.288157895,0.269736842,0.285526316
357,Actor,932,357,0.282894737,0.285526316,0.281578947,0.283333333
275,Actor,932,275,0.285526316,0.273684211,0.288157895,0.28245614
419,Actor,932,419,0.288157895,0.278947368,0.290789474,0.285964912
168,Actor,932,168,0.277631579,0.284210526,0.271052632,0.277631579
839,Actor,932,839,0.301315789,0.273684211,0.276315789,0.28377193
287,Actor,932,287,0.3,0.286842105,0.285526316,0.290789474
912,Actor,932,912,0.272368421,0.293421053,0.281578947,0.28245614
364,Actor,932,364,0.284210526,0.272368421,0.278947368,0.278508772
661,Actor,932,661,0.261842105,0.285526316,0.289473684,0.278947368
788,Actor,932,788,0.296052632,0.306578947,0.269736842,0.290789474
846,Actor,932,846,0.282894737,0.290789474,0.278947368,0.284210526
5,Actor,932,5,0.277631579,0.286842105,0.280263158,0.281578947
375,Actor,932,375,0.3,0.281578947,0.282894737,0.288157895
605,Actor,932,605,0.294736842,0.285526316,0.264473684,0.281578947
182,Actor,932,182,0.282894737,0.307894737,0.293421053,0.294736842
436,Actor,932,436,0.292105263,0.273684211,0.276315789,0.280701754
286,Actor,932,286,0.272368421,0.264473684,0.267105263,0.267982456
420,Actor,932,420,0.261842105,0.292105263,0.280263158,0.278070175
521,Actor,932,521,0.281578947,0.292105263,0.281578947,0.285087719
877,Actor,932,877,0.292105263,0.278947368,0.284210526,0.285087719
820,Actor,932,820,0.278947368,0.273684211,0.263157895,0.271929825
714,Actor,932,714,0.278947368,0.289473684,0.309210526,0.29254386
494,Actor,932,494,0.293421053,0.276315789,0.285526316,0.285087719
536,Actor,932,536,0.284210526,0.273684211,0.282894737,0.280263158
736,Actor,932,736,0.302631579,0.282894737,0.285526316,0.290350877
210,Actor,932,210,0.277631579,0.305263158,0.309210526,0.297368421
301,Actor,932,301,0.281578947,0.282894737,0.282894737,0.28245614
755,Actor,932,755,0.292105263,0.3,0.281578947,0.29122807
648,Actor,932,648,0.288157895,0.302631579,0.281578947,0.290789474
903,Actor,932,903,0.278947368,0.276315789,0.3,0.285087719
649,Actor,932,649,0.267105263,0.3,0.281578947,0.282894737
883,Actor,932,883,0.288157895,0.310526316,0.278947368,0.29254386
481,Actor,932,481,0.297368421,0.294736842,0.282894737,0.291666667
482,Actor,932,482,0.276315789,0.306578947,0.276315789,0.286403509
503,Actor,932,503,0.268421053,0.272368421,0.292105263,0.277631579
185,Actor,932,185,0.269736842,0.281578947,0.305263158,0.285526316
756,Actor,932,756,0.294736842,0.268421053,0.284210526,0.28245614
727,Actor,932,727,0.280263158,0.276315789,0.284210526,0.280263158
86,Actor,932,86,0.296052632,0.280263158,0.297368421,0.29122807
752,Actor,932,752,0.282894737,0.271052632,0.288157895,0.280701754
280,Actor,932,280,0.292105263,0.293421053,0.288157895,0.29122807
638,Actor,932,638,0.288157895,0.272368421,0.290789474,0.28377193
488,Actor,932,488,0.275,0.3,0.288157895,0.287719298
133,Actor,932,133,0.288157895,0.276315789,0.286842105,0.28377193
840,Actor,932,840,0.289473684,0.289473684,0.278947368,0.285964912
257,Actor,932,257,0.288157895,0.263157895,0.293421053,0.281578947
893,Actor,932,893,0.275,0.288157895,0.290789474,0.284649123
829,Actor,932,829,0.301315789,0.271052632,0.284210526,0.285526316
780,Actor,932,780,0.282894737,0.282894737,0.278947368,0.281578947
586,Actor,932,586,0.267105263,0.267105263,0.293421053,0.275877193
119,Actor,932,119,0.297368421,0.290789474,0.277631579,0.288596491
232,Actor,932,232,0.306578947,0.277631579,0.286842105,0.290350877
674,Actor,932,674,0.311842105,0.273684211,0.280263158,0.288596491
455,Actor,932,455,0.261842105,0.294736842,0.282894737,0.279824561
479,Actor,932,479,0.275,0.282894737,0.288157895,0.282017544
398,Actor,932,398,0.278947368,0.285526316,0.275,0.279824561
713,Actor,932,713,0.284210526,0.273684211,0.280263158,0.279385965
697,Actor,932,697,0.259210526,0.272368421,0.275,0.268859649
344,Actor,932,344,0.290789474,0.278947368,0.296052632,0.288596491
689,Actor,932,689,0.272368421,0.263157895,0.260526316,0.265350877
27,Actor,932,27,0.276315789,0.3,0.301315789,0.29254386
165,Actor,932,165,0.298684211,0.302631579,0.278947368,0.293421053
872,Actor,932,872,0.275,0.297368421,0.280263158,0.284210526
499,Actor,932,499,0.280263158,0.298684211,0.285526316,0.288157895
735,Actor,932,735,0.285526316,0.281578947,0.286842105,0.284649123
609,Actor,932,609,0.289473684,0.282894737,0.271052632,0.281140351
315,Actor,932,315,0.288157895,0.281578947,0.307894737,0.29254386
41,Actor,932,41,0.292105263,0.284210526,0.282894737,0.286403509
171,Actor,932,171,0.261842105,0.284210526,0.3,0.282017544
819,Actor,932,819,0.290789474,0.293421053,0.281578947,0.288596491
647,Actor,932,647,0.277631579,0.288157895,0.273684211,0.279824561
415,Actor,932,415,0.271052632,0.280263158,0.280263158,0.277192982
698,Actor,932,698,0.318421053,0.290789474,0.278947368,0.296052632
456,Actor,932,456,0.282894737,0.264473684,0.273684211,0.273684211
637,Actor,932,637,0.290789474,0.269736842,0.289473684,0.283333333
901,Actor,932,901,0.278947368,0.281578947,0.302631579,0.287719298
52,Actor,932,52,0.284210526,0.272368421,0.294736842,0.28377193
588,Actor,932,588,0.278947368,0.290789474,0.278947368,0.282894737
201,Actor,932,201,0.275,0.256578947,0.272368421,0.267982456
110,Actor,932,110,0.280263158,0.290789474,0.294736842,0.288596491
822,Actor,932,822,0.281578947,0.288157895,0.294736842,0.288157895
626,Actor,932,626,0.276315789,0.286842105,0.284210526,0.28245614
216,Actor,932,216,0.288157895,0.281578947,0.277631579,0.28245614
471,Actor,932,471,0.277631579,0.289473684,0.289473684,0.285526316
44,Actor,932,44,0.271052632,0.284210526,0.288157895,0.281140351
255,Actor,932,255,0.288157895,0.286842105,0.273684211,0.282894737
566,Actor,932,566,0.276315789,0.278947368,0.277631579,0.277631579
363,Actor,932,363,0.303947368,0.278947368,0.298684211,0.293859649
136,Actor,932,136,0.271052632,0.297368421,0.267105263,0.278508772
620,Actor,932,620,0.281578947,0.284210526,0.288157895,0.284649123
214,Actor,932,214,0.278947368,0.286842105,0.301315789,0.289035088
28,Actor,932,28,0.277631579,0.310526316,0.282894737,0.290350877
870,Actor,932,870,0.297368421,0.273684211,0.292105263,0.287719298
427,Actor,932,427,0.272368421,0.273684211,0.276315789,0.274122807
897,Actor,932,897,0.277631579,0.280263158,0.286842105,0.281578947
361,Actor,932,361,0.275,0.282894737,0.269736842,0.275877193
624,Actor,932,624,0.275,0.280263158,0.3,0.285087719
512,Actor,932,512,0.272368421,0.305263158,0.290789474,0.289473684
632,Actor,932,632,0.290789474,0.265789474,0.293421053,0.283333333
474,Actor,932,474,0.281578947,0.292105263,0.311842105,0.295175439
247,Actor,932,247,0.310526316,0.280263158,0.288157895,0.292982456
552,Actor,932,552,0.259210526,0.281578947,0.278947368,0.273245614
909,Actor,932,909,0.280263158,0.294736842,0.284210526,0.286403509
173,Actor,932,173,0.276315789,0.269736842,0.277631579,0.274561404
360,Actor,932,360,0.277631579,0.302631579,0.271052632,0.28377193
458,Actor,932,458,0.284210526,0.272368421,0.296052632,0.284210526
597,Actor,932,597,0.281578947,0.296052632,0.289473684,0.289035088
123,Actor,932,123,0.298684211,0.276315789,0.285526316,0.286842105
517,Actor,932,517,0.271052632,0.294736842,0.305263158,0.290350877
371,Actor,932,371,0.269736842,0.302631579,0.297368421,0.289912281
804,Actor,932,804,0.292105263,0.286842105,0.307894737,0.295614035
478,Actor,932,478,0.284210526,0.275,0.286842105,0.282017544
594,Actor,932,594,0.302631579,0.281578947,0.282894737,0.289035088
550,Actor,932,550,0.284210526,0.282894737,0.276315789,0.281140351
602,Actor,932,602,0.285526316,0.268421053,0.289473684,0.281140351
721,Actor,932,721,0.267105263,0.305263158,0.269736842,0.280701754
248,Actor,932,248,0.284210526,0.296052632,0.277631579,0.285964912
71,Actor,932,71,0.280263158,0.282894737,0.294736842,0.285964912
282,Actor,932,282,0.275,0.307894737,0.281578947,0.288157895
610,Actor,932,610,0.278947368,0.273684211,0.302631579,0.285087719
585,Actor,932,585,0.297368421,0.275,0.281578947,0.284649123
784,Actor,932,784,0.293421053,0.276315789,0.281578947,0.28377193
483,Actor,932,483,0.267105263,0.280263158,0.275,0.274122807
443,Actor,932,443,0.271052632,0.284210526,0.280263158,0.278508772
350,Actor,932,350,0.290789474,0.284210526,0.271052632,0.282017544
74,Actor,932,74,0.298684211,0.280263158,0.288157895,0.289035088
387,Actor,932,387,0.275,0.296052632,0.276315789,0.28245614
337,Actor,932,337,0.280263158,0.285526316,0.267105263,0.277631579
56,Actor,932,56,0.3,0.273684211,0.280263158,0.284649123
94,Actor,932,94,0.286842105,0.276315789,0.277631579,0.280263158
659,Actor,932,659,0.277631579,0.285526316,0.281578947,0.281578947
309,Actor,932,309,0.276315789,0.278947368,0.280263158,0.278508772
116,Actor,932,116,0.294736842,0.282894737,0.289473684,0.289035088
256,Actor,932,256,0.282894737,0.293421053,0.284210526,0.286842105
695,Actor,932,695,0.294736842,0.276315789,0.285526316,0.285526316
121,Actor,932,121,0.296052632,0.290789474,0.289473684,0.292105263
664,Actor,932,664,0.272368421,0.306578947,0.261842105,0.280263158
687,Actor,932,687,0.302631579,0.285526316,0.269736842,0.285964912
130,Actor,932,130,0.273684211,0.284210526,0.286842105,0.281578947
263,Actor,932,263,0.285526316,0.272368421,0.284210526,0.280701754
127,Actor,932,127,0.293421053,0.280263158,0.281578947,0.285087719
213,Actor,932,213,0.281578947,0.278947368,0.280263158,0.280263158
833,Actor,932,833,0.290789474,0.293421053,0.284210526,0.289473684
655,Actor,932,655,0.288157895,0.278947368,0.267105263,0.278070175
175,Actor,932,175,0.268421053,0.285526316,0.282894737,0.278947368
0,Actor,932,0,0.277631579,0.273684211,0.275,0.275438596
814,Actor,932,814,0.276315789,0.268421053,0.285526316,0.276754386
745,Actor,932,745,0.290789474,0.276315789,0.281578947,0.282894737
235,Actor,932,235,0.278947368,0.280263158,0.278947368,0.279385965
13,Actor,932,13,0.294736842,0.292105263,0.285526316,0.290789474
613,Actor,932,613,0.280263158,0.282894737,0.318421053,0.293859649
192,Actor,932,192,0.276315789,0.319736842,0.298684211,0.298245614
332,Actor,932,332,0.268421053,0.286842105,0.306578947,0.287280702
304,Actor,932,304,0.289473684,0.267105263,0.281578947,0.279385965
541,Actor,932,541,0.267105263,0.277631579,0.275,0.273245614
124,Actor,932,124,0.288157895,0.278947368,0.296052632,0.287719298
21,Actor,932,21,0.296052632,0.296052632,0.265789474,0.285964912
737,Actor,932,737,0.290789474,0.280263158,0.285526316,0.285526316
209,Actor,932,209,0.277631579,0.289473684,0.278947368,0.282017544
485,Actor,932,485,0.277631579,0.303947368,0.276315789,0.285964912
612,Actor,932,612,0.310526316,0.276315789,0.275,0.287280702
601,Actor,932,601,0.289473684,0.272368421,0.281578947,0.281140351
857,Actor,932,857,0.272368421,0.301315789,0.296052632,0.289912281
715,Actor,932,715,0.280263158,0.273684211,0.294736842,0.282894737
368,Actor,932,368,0.285526316,0.306578947,0.282894737,0.291666667
757,Actor,932,757,0.284210526,0.285526316,0.272368421,0.280701754
771,Actor,932,771,0.292105263,0.264473684,0.278947368,0.278508772
680,Actor,932,680,0.290789474,0.272368421,0.288157895,0.28377193
564,Actor,932,564,0.288157895,0.282894737,0.273684211,0.281578947
701,Actor,932,701,0.289473684,0.294736842,0.290789474,0.291666667
513,Actor,932,513,0.280263158,0.281578947,0.275,0.278947368
297,Actor,932,297,0.285526316,0.280263158,0.277631579,0.281140351
668,Actor,932,668,0.297368421,0.276315789,0.278947368,0.284210526
798,Actor,932,798,0.273684211,0.322368421,0.290789474,0.295614035
571,Actor,932,571,0.265789474,0.284210526,0.261842105,0.270614035
749,Actor,932,749,0.290789474,0.277631579,0.289473684,0.285964912
514,Actor,932,514,0.280263158,0.292105263,0.282894737,0.285087719
881,Actor,932,881,0.285526316,0.286842105,0.294736842,0.289035088
544,Actor,932,544,0.286842105,0.276315789,0.293421053,0.285526316
708,Actor,932,708,0.278947368,0.281578947,0.290789474,0.28377193
567,Actor,932,567,0.297368421,0.284210526,0.281578947,0.287719298
393,Actor,932,393,0.272368421,0.288157895,0.307894737,0.289473684
448,Actor,932,448,0.275,0.278947368,0.273684211,0.275877193
294,Actor,932,294,0.286842105,0.294736842,0.277631579,0.286403509
366,Actor,932,366,0.273684211,0.302631579,0.272368421,0.282894737
325,Actor,932,325,0.276315789,0.255263158,0.277631579,0.269736842
229,Actor,932,229,0.271052632,0.281578947,0.290789474,0.281140351
265,Actor,932,265,0.306578947,0.275,0.288157895,0.289912281
639,Actor,932,639,0.292105263,0.307894737,0.278947368,0.292982456
236,Actor,932,236,0.272368421,0.296052632,0.281578947,0.283333333
728,Actor,932,728,0.298684211,0.298684211,0.310526316,0.302631579
776,Actor,932,776,0.298684211,0.293421053,0.280263158,0.290789474
203,Actor,932,203,0.302631579,0.284210526,0.286842105,0.29122807
790,Actor,932,790,0.297368421,0.281578947,0.275,0.284649123
770,Actor,932,770,0.273684211,0.284210526,0.273684211,0.277192982
61,Actor,932,61,0.285526316,0.261842105,0.289473684,0.278947368
731,Actor,932,731,0.280263158,0.323684211,0.275,0.292982456
496,Actor,932,496,0.273684211,0.261842105,0.289473684,0.275
139,Actor,932,139,0.286842105,0.271052632,0.282894737,0.280263158
230,Actor,932,230,0.290789474,0.281578947,0.267105263,0.279824561
534,Actor,932,534,0.271052632,0.289473684,0.276315789,0.278947368
59,Actor,932,59,0.265789474,0.285526316,0.298684211,0.283333333
205,Actor,932,205,0.284210526,0.278947368,0.290789474,0.284649123
530,Actor,932,530,0.286842105,0.306578947,0.264473684,0.285964912
927,Actor,932,927,0.288157895,0.275,0.303947368,0.289035088
327,Actor,932,327,0.278947368,0.265789474,0.293421053,0.279385965
233,Actor,932,233,0.282894737,0.276315789,0.284210526,0.281140351
908,Actor,932,908,0.277631579,0.284210526,0.282894737,0.281578947
916,Actor,932,916,0.285526316,0.264473684,0.282894737,0.277631579
48,Actor,932,48,0.281578947,0.278947368,0.277631579,0.279385965
346,Actor,932,346,0.285526316,0.292105263,0.268421053,0.282017544
793,Actor,932,793,0.273684211,0.289473684,0.272368421,0.278508772
302,Actor,932,302,0.278947368,0.303947368,0.282894737,0.288596491
82,Actor,932,82,0.289473684,0.298684211,0.265789474,0.284649123
367,Actor,932,367,0.286842105,0.3,0.294736842,0.293859649
690,Actor,932,690,0.311842105,0.247368421,0.263157895,0.274122807
87,Actor,932,87,0.288157895,0.268421053,0.289473684,0.282017544
241,Actor,932,241,0.301315789,0.281578947,0.281578947,0.288157895
281,Actor,932,281,0.269736842,0.290789474,0.281578947,0.280701754
114,Actor,932,114,0.282894737,0.280263158,0.280263158,0.281140351
874,Actor,932,874,0.297368421,0.276315789,0.294736842,0.289473684
823,Actor,932,823,0.281578947,0.303947368,0.288157895,0.29122807
915,Actor,932,915,0.271052632,0.289473684,0.281578947,0.280701754
744,Actor,932,744,0.276315789,0.290789474,0.292105263,0.286403509
775,Actor,932,775,0.289473684,0.263157895,0.302631579,0.285087719
875,Actor,932,875,0.288157895,0.282894737,0.298684211,0.289912281
319,Actor,932,319,0.282894737,0.293421053,0.282894737,0.286403509
633,Actor,932,633,0.275,0.292105263,0.289473684,0.285526316
244,Actor,932,244,0.276315789,0.285526316,0.277631579,0.279824561
199,Actor,932,199,0.267105263,0.272368421,0.284210526,0.274561404
828,Actor,932,828,0.267105263,0.296052632,0.296052632,0.286403509
118,Actor,932,118,0.292105263,0.289473684,0.289473684,0.290350877
277,Actor,932,277,0.288157895,0.282894737,0.276315789,0.28245614
30,Actor,932,30,0.301315789,0.284210526,0.301315789,0.295614035
211,Actor,932,211,0.271052632,0.285526316,0.277631579,0.278070175
299,Actor,932,299,0.301315789,0.309210526,0.282894737,0.297807018
794,Actor,932,794,0.302631579,0.272368421,0.271052632,0.282017544
838,Actor,932,838,0.293421053,0.261842105,0.277631579,0.277631579
312,Actor,932,312,0.282894737,0.265789474,0.284210526,0.277631579
404,Actor,932,404,0.275,0.286842105,0.282894737,0.281578947
702,Actor,932,702,0.282894737,0.288157895,0.285526316,0.285526316
354,Actor,932,354,0.318421053,0.290789474,0.293421053,0.300877193
65,Actor,932,65,0.297368421,0.288157895,0.269736842,0.285087719
748,Actor,932,748,0.275,0.301315789,0.289473684,0.288596491
215,Actor,932,215,0.281578947,0.290789474,0.301315789,0.29122807
329,Actor,932,329,0.273684211,0.289473684,0.282894737,0.282017544
533,Actor,932,533,0.278947368,0.284210526,0.282894737,0.282017544
335,Actor,932,335,0.271052632,0.286842105,0.273684211,0.277192982
490,Actor,932,490,0.288157895,0.280263158,0.277631579,0.282017544
295,Actor,932,295,0.264473684,0.286842105,0.280263158,0.277192982
156,Actor,932,156,0.292105263,0.280263158,0.290789474,0.287719298
670,Actor,932,670,0.275,0.306578947,0.271052632,0.284210526
155,Actor,932,155,0.280263158,0.301315789,0.290789474,0.290789474
676,Actor,932,676,0.277631579,0.280263158,0.282894737,0.280263158
54,Actor,932,54,0.260526316,0.278947368,0.272368421,0.270614035
228,Actor,932,228,0.273684211,0.278947368,0.269736842,0.274122807
206,Actor,932,206,0.296052632,0.286842105,0.294736842,0.29254386
253,Actor,932,253,0.285526316,0.264473684,0.282894737,0.277631579
878,Actor,932,878,0.275,0.268421053,0.296052632,0.279824561
60,Actor,932,60,0.272368421,0.277631579,0.277631579,0.275877193
83,Actor,932,83,0.272368421,0.288157895,0.285526316,0.282017544
242,Actor,932,242,0.294736842,0.319736842,0.285526316,0.3
328,Actor,932,328,0.265789474,0.282894737,0.280263158,0.276315789
160,Actor,932,160,0.297368421,0.285526316,0.273684211,0.285526316
272,Actor,932,272,0.284210526,0.284210526,0.302631579,0.290350877
80,Actor,932,80,0.271052632,0.282894737,0.290789474,0.281578947
138,Actor,932,138,0.278947368,0.288157895,0.302631579,0.289912281
710,Actor,932,710,0.301315789,0.293421053,0.294736842,0.296491228
223,Actor,932,223,0.264473684,0.275,0.296052632,0.278508772
500,Actor,932,500,0.275,0.278947368,0.302631579,0.285526316
836,Actor,932,836,0.276315789,0.3,0.273684211,0.283333333
795,Actor,932,795,0.265789474,0.281578947,0.292105263,0.279824561
217,Actor,932,217,0.265789474,0.273684211,0.3,0.279824561
208,Actor,932,208,0.278947368,0.275,0.278947368,0.277631579
348,Actor,932,348,0.285526316,0.282894737,0.288157895,0.285526316
761,Actor,932,761,0.303947368,0.298684211,0.298684211,0.300438596
189,Actor,932,189,0.307894737,0.294736842,0.284210526,0.295614035
615,Actor,932,615,0.265789474,0.290789474,0.302631579,0.286403509
583,Actor,932,583,0.3,0.280263158,0.285526316,0.288596491
492,Actor,932,492,0.284210526,0.292105263,0.260526316,0.278947368
531,Actor,932,531,0.281578947,0.3,0.285526316,0.289035088
23,Actor,932,23,0.265789474,0.293421053,0.298684211,0.285964912
135,Actor,932,135,0.285526316,0.273684211,0.296052632,0.285087719
305,Actor,932,305,0.284210526,0.289473684,0.292105263,0.288596491
442,Actor,932,442,0.310526316,0.301315789,0.273684211,0.295175439
231,Actor,932,231,0.288157895,0.3,0.278947368,0.289035088
885,Actor,932,885,0.282894737,0.289473684,0.289473684,0.287280702
3,Actor,932,3,0.263157895,0.284210526,0.288157895,0.278508772
90,Actor,932,90,0.277631579,0.277631579,0.273684211,0.276315789
691,Actor,932,691,0.282894737,0.267105263,0.286842105,0.278947368
460,Actor,932,460,0.281578947,0.277631579,0.275,0.278070175
475,Actor,932,475,0.272368421,0.301315789,0.302631579,0.292105263
454,Actor,932,454,0.288157895,0.297368421,0.278947368,0.288157895
832,Actor,932,832,0.281578947,0.256578947,0.285526316,0.274561404
197,Actor,932,197,0.286842105,0.261842105,0.293421053,0.280701754
508,Actor,932,508,0.302631579,0.309210526,0.282894737,0.298245614
200,Actor,932,200,0.261842105,0.280263158,0.273684211,0.271929825
376,Actor,932,376,0.292105263,0.294736842,0.281578947,0.289473684
440,Actor,932,440,0.290789474,0.282894737,0.273684211,0.28245614
300,Actor,932,300,0.269736842,0.302631579,0.286842105,0.286403509
51,Actor,932,51,0.281578947,0.296052632,0.281578947,0.286403509
787,Actor,932,787,0.284210526,0.280263158,0.275,0.279824561
631,Actor,932,631,0.303947368,0.297368421,0.277631579,0.292982456
25,Actor,932,25,0.277631579,0.273684211,0.293421053,0.281578947
356,Actor,932,356,0.282894737,0.273684211,0.286842105,0.281140351
580,Actor,932,580,0.277631579,0.284210526,0.297368421,0.286403509
519,Actor,932,519,0.309210526,0.310526316,0.277631579,0.299122807
707,Actor,932,707,0.293421053,0.303947368,0.260526316,0.285964912
316,Actor,932,316,0.277631579,0.296052632,0.281578947,0.285087719
237,Actor,932,237,0.275,0.281578947,0.284210526,0.280263158
764,Actor,932,764,0.280263158,0.273684211,0.277631579,0.277192982
283,Actor,932,283,0.277631579,0.277631579,0.260526316,0.271929825
468,Actor,932,468,0.282894737,0.273684211,0.281578947,0.279385965
592,Actor,932,592,0.280263158,0.293421053,0.286842105,0.286842105
600,Actor,932,600,0.275,0.285526316,0.281578947,0.280701754
422,Actor,932,422,0.293421053,0.281578947,0.298684211,0.29122807
650,Actor,932,650,0.290789474,0.267105263,0.293421053,0.28377193
151,Actor,932,151,0.277631579,0.272368421,0.271052632,0.273684211
274,Actor,932,274,0.285526316,0.277631579,0.268421053,0.277192982
800,Actor,932,800,0.293421053,0.275,0.282894737,0.28377193
246,Actor,932,246,0.303947368,0.286842105,0.276315789,0.289035088
221,Actor,932,221,0.277631579,0.284210526,0.277631579,0.279824561
686,Actor,932,686,0.277631579,0.285526316,0.272368421,0.278508772
562,Actor,932,562,0.302631579,0.302631579,0.268421053,0.29122807
125,Actor,932,125,0.302631579,0.298684211,0.285526316,0.295614035
791,Actor,932,791,0.292105263,0.294736842,0.261842105,0.282894737
476,Actor,932,476,0.286842105,0.3,0.296052632,0.294298246
266,Actor,932,266,0.277631579,0.278947368,0.303947368,0.286842105
582,Actor,932,582,0.271052632,0.288157895,0.264473684,0.274561404
433,Actor,932,433,0.273684211,0.292105263,0.3,0.288596491
738,Actor,932,738,0.277631579,0.268421053,0.285526316,0.277192982
64,Actor,932,64,0.294736842,0.297368421,0.294736842,0.295614035
614,Actor,932,614,0.282894737,0.301315789,0.281578947,0.288596491
527,Actor,932,527,0.261842105,0.289473684,0.290789474,0.280701754
766,Actor,932,766,0.288157895,0.271052632,0.277631579,0.278947368
809,Actor,932,809,0.275,0.294736842,0.289473684,0.286403509
928,Actor,932,928,0.293421053,0.297368421,0.275,0.288596491
122,Actor,932,122,0.294736842,0.273684211,0.282894737,0.28377193
884,Actor,932,884,0.288157895,0.282894737,0.265789474,0.278947368
379,Actor,932,379,0.285526316,0.294736842,0.276315789,0.285526316
762,Actor,932,762,0.3,0.297368421,0.292105263,0.296491228
225,Actor,932,225,0.284210526,0.301315789,0.278947368,0.288157895
431,Actor,932,431,0.292105263,0.273684211,0.276315789,0.280701754
523,Actor,932,523,0.278947368,0.289473684,0.289473684,0.285964912
145,Actor,932,145,0.297368421,0.275,0.282894737,0.285087719
502,Actor,932,502,0.281578947,0.3,0.296052632,0.29254386
66,Actor,932,66,0.269736842,0.285526316,0.281578947,0.278947368
31,Actor,932,31,0.293421053,0.285526316,0.286842105,0.288596491
38,Actor,932,38,0.276315789,0.289473684,0.290789474,0.285526316
106,Actor,932,106,0.289473684,0.282894737,0.286842105,0.286403509
811,Actor,932,811,0.272368421,0.297368421,0.284210526,0.284649123
358,Actor,932,358,0.288157895,0.277631579,0.281578947,0.28245614
699,Actor,932,699,0.275,0.286842105,0.272368421,0.278070175
381,Actor,932,381,0.292105263,0.302631579,0.276315789,0.290350877
161,Actor,932,161,0.278947368,0.286842105,0.277631579,0.281140351
191,Actor,932,191,0.282894737,0.302631579,0.311842105,0.299122807
861,Actor,932,861,0.290789474,0.271052632,0.298684211,0.286842105
240,Actor,932,240,0.278947368,0.273684211,0.282894737,0.278508772
351,Actor,932,351,0.261842105,0.297368421,0.275,0.278070175
904,Actor,932,904,0.259210526,0.305263158,0.284210526,0.282894737
405,Actor,932,405,0.282894737,0.269736842,0.286842105,0.279824561
758,Actor,932,758,0.292105263,0.306578947,0.273684211,0.290789474
750,Actor,932,750,0.286842105,0.277631579,0.272368421,0.278947368
99,Actor,932,99,0.281578947,0.281578947,0.278947368,0.280701754
525,Actor,932,525,0.284210526,0.269736842,0.272368421,0.275438596
772,Actor,932,772,0.307894737,0.278947368,0.275,0.287280702
493,Actor,932,493,0.293421053,0.263157895,0.285526316,0.280701754
767,Actor,932,767,0.276315789,0.288157895,0.293421053,0.285964912
326,Actor,932,326,0.313157895,0.302631579,0.275,0.296929825
409,Actor,932,409,0.268421053,0.275,0.284210526,0.275877193
789,Actor,932,789,0.275,0.272368421,0.272368421,0.273245614
919,Actor,932,919,0.273684211,0.282894737,0.273684211,0.276754386
607,Actor,932,607,0.294736842,0.302631579,0.298684211,0.298684211
473,Actor,932,473,0.286842105,0.256578947,0.294736842,0.279385965
226,Actor,932,226,0.272368421,0.264473684,0.281578947,0.272807018
424,Actor,932,424,0.286842105,0.296052632,0.276315789,0.286403509
608,Actor,932,608,0.286842105,0.282894737,0.275,0.281578947
489,Actor,932,489,0.280263158,0.280263158,0.282894737,0.281140351
390,Actor,932,390,0.272368421,0.286842105,0.278947368,0.279385965
577,Actor,932,577,0.276315789,0.275,0.277631579,0.276315789
318,Actor,932,318,0.272368421,0.278947368,0.281578947,0.277631579
573,Actor,932,573,0.278947368,0.269736842,0.281578947,0.276754386
73,Actor,932,73,0.282894737,0.289473684,0.277631579,0.283333333
495,Actor,932,495,0.273684211,0.277631579,0.280263158,0.277192982
224,Actor,932,224,0.292105263,0.282894737,0.278947368,0.284649123
167,Actor,932,167,0.278947368,0.302631579,0.289473684,0.290350877
163,Actor,932,163,0.277631579,0.297368421,0.296052632,0.290350877
667,Actor,932,667,0.281578947,0.280263158,0.288157895,0.283333333
22,Actor,932,22,0.278947368,0.282894737,0.281578947,0.281140351
576,Actor,932,576,0.296052632,0.271052632,0.278947368,0.282017544
799,Actor,932,799,0.281578947,0.268421053,0.289473684,0.279824561
665,Actor,932,665,0.289473684,0.278947368,0.271052632,0.279824561
548,Actor,932,548,0.282894737,0.309210526,0.273684211,0.288596491
202,Actor,932,202,0.297368421,0.286842105,0.272368421,0.285526316
558,Actor,932,558,0.276315789,0.267105263,0.284210526,0.275877193
630,Actor,932,630,0.285526316,0.296052632,0.277631579,0.286403509
627,Actor,932,627,0.298684211,0.278947368,0.280263158,0.285964912
341,Actor,932,341,0.284210526,0.280263158,0.293421053,0.285964912
40,Actor,932,40,0.273684211,0.281578947,0.288157895,0.281140351
466,Actor,932,466,0.276315789,0.269736842,0.278947368,0.275
896,Actor,932,896,0.269736842,0.303947368,0.294736842,0.289473684
222,Actor,932,222,0.288157895,0.313157895,0.260526316,0.287280702
339,Actor,932,339,0.282894737,0.278947368,0.293421053,0.285087719
7,Actor,932,7,0.282894737,0.269736842,0.275,0.275877193
868,Actor,932,868,0.289473684,0.277631579,0.278947368,0.282017544
539,Actor,932,539,0.289473684,0.338157895,0.282894737,0.303508772
320,Actor,932,320,0.293421053,0.289473684,0.272368421,0.285087719
505,Actor,932,505,0.286842105,0.286842105,0.301315789,0.291666667
347,Actor,932,347,0.296052632,0.284210526,0.296052632,0.292105263
692,Actor,932,692,0.286842105,0.297368421,0.277631579,0.287280702
89,Actor,932,89,0.267105263,0.282894737,0.301315789,0.28377193
834,Actor,932,834,0.321052632,0.298684211,0.313157895,0.310964912
578,Actor,932,578,0.276315789,0.271052632,0.286842105,0.278070175
587,Actor,932,587,0.267105263,0.280263158,0.275,0.274122807
444,Actor,932,444,0.268421053,0.278947368,0.276315789,0.274561404
462,Actor,932,462,0.272368421,0.268421053,0.265789474,0.268859649
147,Actor,932,147,0.285526316,0.281578947,0.294736842,0.287280702
666,Actor,932,666,0.289473684,0.265789474,0.284210526,0.279824561
438,Actor,932,438,0.302631579,0.288157895,0.294736842,0.295175439
95,Actor,932,95,0.292105263,0.3,0.275,0.289035088
227,Actor,932,227,0.286842105,0.302631579,0.315789474,0.301754386
450,Actor,932,450,0.267105263,0.282894737,0.268421053,0.272807018
148,Actor,932,148,0.297368421,0.298684211,0.286842105,0.294298246
599,Actor,932,599,0.285526316,0.273684211,0.326315789,0.295175439
616,Actor,932,616,0.286842105,0.269736842,0.284210526,0.280263158
864,Actor,932,864,0.309210526,0.272368421,0.273684211,0.285087719
773,Actor,932,773,0.306578947,0.285526316,0.292105263,0.294736842
330,Actor,932,330,0.268421053,0.275,0.263157895,0.268859649
425,Actor,932,425,0.276315789,0.284210526,0.288157895,0.282894737
498,Actor,932,498,0.273684211,0.292105263,0.285526316,0.28377193
58,Actor,932,58,0.296052632,0.273684211,0.272368421,0.280701754
349,Actor,932,349,0.282894737,0.272368421,0.275,0.276754386
584,Actor,932,584,0.271052632,0.273684211,0.273684211,0.272807018
879,Actor,932,879,0.290789474,0.296052632,0.290789474,0.29254386
869,Actor,932,869,0.265789474,0.290789474,0.269736842,0.275438596
470,Actor,932,470,0.294736842,0.288157895,0.310526316,0.297807018
734,Actor,932,734,0.285526316,0.298684211,0.272368421,0.285526316
334,Actor,932,334,0.278947368,0.272368421,0.292105263,0.281140351
115,Actor,932,115,0.290789474,0.278947368,0.278947368,0.282894737
652,Actor,932,652,0.282894737,0.290789474,0.268421053,0.280701754
645,Actor,932,645,0.296052632,0.292105263,0.276315789,0.288157895
411,Actor,932,411,0.292105263,0.276315789,0.281578947,0.283333333
895,Actor,932,895,0.267105263,0.272368421,0.284210526,0.274561404
416,Actor,932,416,0.275,0.278947368,0.275,0.276315789
414,Actor,932,414,0.280263158,0.272368421,0.277631579,0.276754386
679,Actor,932,679,0.273684211,0.290789474,0.280263158,0.281578947
36,Actor,932,36,0.281578947,0.273684211,0.285526316,0.280263158
75,Actor,932,75,0.284210526,0.280263158,0.281578947,0.282017544
8,Actor,932,8,0.293421053,0.277631579,0.278947368,0.283333333
725,Actor,932,725,0.292105263,0.284210526,0.271052632,0.28245614
93,Actor,932,93,0.290789474,0.293421053,0.285526316,0.289912281
397,Actor,932,397,0.278947368,0.275,0.278947368,0.277631579
212,Actor,932,212,0.285526316,0.282894737,0.286842105,0.285087719
824,Actor,932,824,0.301315789,0.296052632,0.280263158,0.29254386
619,Actor,932,619,0.286842105,0.296052632,0.273684211,0.285526316
821,Actor,932,821,0.278947368,0.296052632,0.276315789,0.28377193
781,Actor,932,781,0.3,0.276315789,0.267105263,0.281140351
291,Actor,932,291,0.275,0.288157895,0.272368421,0.278508772
179,Actor,932,179,0.277631579,0.289473684,0.267105263,0.278070175
12,Actor,932,12,0.298684211,0.271052632,0.273684211,0.281140351
802,Actor,932,802,0.286842105,0.276315789,0.271052632,0.278070175
84,Actor,932,84,0.275,0.288157895,0.271052632,0.278070175
899,Actor,932,899,0.290789474,0.280263158,0.286842105,0.285964912
711,Actor,932,711,0.280263158,0.276315789,0.275,0.277192982
487,Actor,932,487,0.282894737,0.272368421,0.288157895,0.281140351
850,Actor,932,850,0.281578947,0.290789474,0.297368421,0.289912281
14,Actor,932,14,0.290789474,0.275,0.3,0.288596491
322,Actor,932,322,0.278947368,0.268421053,0.280263158,0.275877193
905,Actor,932,905,0.286842105,0.293421053,0.282894737,0.287719298
913,Actor,932,913,0.272368421,0.282894737,0.265789474,0.273684211
238,Actor,932,238,0.282894737,0.307894737,0.289473684,0.293421053
929,Actor,932,929,0.285526316,0.275,0.278947368,0.279824561
688,Actor,932,688,0.275,0.289473684,0.284210526,0.282894737
907,Actor,932,907,0.272368421,0.278947368,0.280263158,0.277192982
20,Actor,932,20,0.264473684,0.289473684,0.273684211,0.275877193
252,Actor,932,252,0.278947368,0.280263158,0.284210526,0.281140351
101,Actor,932,101,0.285526316,0.293421053,0.275,0.284649123
504,Actor,932,504,0.273684211,0.278947368,0.273684211,0.275438596
491,Actor,932,491,0.278947368,0.259210526,0.289473684,0.275877193
57,Actor,932,57,0.288157895,0.311842105,0.315789474,0.305263158
178,Actor,932,178,0.284210526,0.281578947,0.276315789,0.280701754
910,Actor,932,910,0.275,0.297368421,0.281578947,0.284649123
867,Actor,932,867,0.269736842,0.289473684,0.301315789,0.286842105
70,Actor,932,70,0.275,0.273684211,0.282894737,0.277192982
218,Actor,932,218,0.285526316,0.285526316,0.275,0.282017544
290,Actor,932,290,0.278947368,0.286842105,0.285526316,0.28377193
732,Actor,932,732,0.277631579,0.275,0.278947368,0.277192982
716,Actor,932,716,0.281578947,0.275,0.282894737,0.279824561
663,Actor,932,663,0.273684211,0.278947368,0.261842105,0.271491228
78,Actor,932,78,0.280263158,0.292105263,0.267105263,0.279824561
259,Actor,932,259,0.301315789,0.276315789,0.278947368,0.285526316
778,Actor,932,778,0.290789474,0.275,0.285526316,0.28377193
532,Actor,932,532,0.297368421,0.286842105,0.284210526,0.289473684
818,Actor,932,818,0.269736842,0.282894737,0.285526316,0.279385965
672,Actor,932,672,0.284210526,0.3,0.285526316,0.289912281
873,Actor,932,873,0.280263158,0.294736842,0.294736842,0.289912281
72,Actor,932,72,0.290789474,0.336842105,0.284210526,0.303947368
694,Actor,932,694,0.277631579,0.294736842,0.306578947,0.292982456
47,Actor,932,47,0.263157895,0.269736842,0.264473684,0.265789474
15,Actor,932,15,0.256578947,0.296052632,0.290789474,0.281140351
426,Actor,932,426,0.286842105,0.302631579,0.314473684,0.301315789
407,Actor,932,407,0.289473684,0.286842105,0.268421053,0.281578947
421,Actor,932,421,0.273684211,0.297368421,0.278947368,0.283333333
445,Actor,932,445,0.264473684,0.3,0.272368421,0.278947368
516,Actor,932,516,0.272368421,0.302631579,0.3,0.291666667
595,Actor,932,595,0.284210526,0.293421053,0.296052632,0.29122807
172,Actor,932,172,0.280263158,0.284210526,0.281578947,0.282017544
572,Actor,932,572,0.288157895,0.3,0.292105263,0.293421053
477,Actor,932,477,0.294736842,0.310526316,0.277631579,0.294298246
406,Actor,932,406,0.289473684,0.273684211,0.263157895,0.275438596
553,Actor,932,553,0.271052632,0.264473684,0.268421053,0.267982456
565,Actor,932,565,0.293421053,0.277631579,0.285526316,0.285526316
42,Actor,932,42,0.284210526,0.284210526,0.301315789,0.289912281
827,Actor,932,827,0.268421053,0.281578947,0.286842105,0.278947368
882,Actor,932,882,0.293421053,0.278947368,0.288157895,0.286842105
308,Actor,932,308,0.3,0.282894737,0.277631579,0.286842105
250,Actor,932,250,0.276315789,0.277631579,0.301315789,0.285087719
428,Actor,932,428,0.280263158,0.285526316,0.280263158,0.282017544
159,Actor,932,159,0.281578947,0.267105263,0.298684211,0.28245614
528,Actor,932,528,0.282894737,0.285526316,0.265789474,0.278070175
401,Actor,932,401,0.293421053,0.271052632,0.261842105,0.275438596
69,Actor,932,69,0.292105263,0.285526316,0.285526316,0.287719298
751,Actor,932,751,0.272368421,0.280263158,0.269736842,0.274122807
678,Actor,932,678,0.286842105,0.281578947,0.284210526,0.284210526
293,Actor,932,293,0.301315789,0.289473684,0.271052632,0.287280702
343,Actor,932,343,0.284210526,0.272368421,0.271052632,0.275877193
184,Actor,932,184,0.284210526,0.286842105,0.264473684,0.278508772
543,Actor,932,543,0.260526316,0.271052632,0.272368421,0.267982456
157,Actor,932,157,0.278947368,0.278947368,0.284210526,0.280701754
249,Actor,932,249,0.288157895,0.292105263,0.267105263,0.28245614
628,Actor,932,628,0.297368421,0.289473684,0.269736842,0.285526316
245,Actor,932,245,0.281578947,0.296052632,0.260526316,0.279385965
596,Actor,932,596,0.290789474,0.280263158,0.305263158,0.292105263
174,Actor,932,174,0.272368421,0.267105263,0.277631579,0.272368421
722,Actor,932,722,0.292105263,0.301315789,0.282894737,0.292105263
388,Actor,932,388,0.269736842,0.263157895,0.286842105,0.273245614
720,Actor,932,720,0.288157895,0.277631579,0.289473684,0.285087719
774,Actor,932,774,0.313157895,0.257894737,0.284210526,0.285087719
719,Actor,932,719,0.282894737,0.289473684,0.290789474,0.287719298
62,Actor,932,62,0.280263158,0.305263158,0.271052632,0.285526316
740,Actor,932,740,0.293421053,0.289473684,0.275,0.285964912
830,Actor,932,830,0.294736842,0.271052632,0.3,0.288596491
526,Actor,932,526,0.269736842,0.285526316,0.278947368,0.278070175
76,Actor,932,76,0.280263158,0.277631579,0.288157895,0.282017544
472,Actor,932,472,0.296052632,0.3,0.325,0.307017544
271,Actor,932,271,0.284210526,0.297368421,0.284210526,0.288596491
924,Actor,932,924,0.301315789,0.281578947,0.286842105,0.289912281
152,Actor,932,152,0.292105263,0.271052632,0.265789474,0.276315789
556,Actor,932,556,0.278947368,0.278947368,0.278947368,0.278947368
880,Actor,932,880,0.292105263,0.284210526,0.297368421,0.29122807
10,Actor,932,10,0.302631579,0.297368421,0.3,0.3
166,Actor,932,166,0.272368421,0.280263158,0.273684211,0.275438596
352,Actor,932,352,0.301315789,0.298684211,0.294736842,0.298245614
204,Actor,932,204,0.285526316,0.302631579,0.293421053,0.293859649
198,Actor,932,198,0.289473684,0.286842105,0.306578947,0.294298246
378,Actor,932,378,0.282894737,0.285526316,0.275,0.281140351
195,Actor,932,195,0.273684211,0.292105263,0.286842105,0.284210526
700,Actor,932,700,0.276315789,0.281578947,0.271052632,0.276315789
353,Actor,932,353,0.3,0.297368421,0.275,0.290789474
324,Actor,932,324,0.285526316,0.276315789,0.297368421,0.286403509
604,Actor,932,604,0.301315789,0.257894737,0.282894737,0.280701754
55,Actor,932,55,0.289473684,0.284210526,0.273684211,0.28245614
634,Actor,932,634,0.271052632,0.296052632,0.276315789,0.281140351
724,Actor,932,724,0.268421053,0.265789474,0.297368421,0.277192982
923,Actor,932,923,0.301315789,0.310526316,0.293421053,0.301754386
569,Actor,932,569,0.281578947,0.290789474,0.277631579,0.283333333
547,Actor,932,547,0.286842105,0.286842105,0.278947368,0.284210526
459,Actor,932,459,0.272368421,0.271052632,0.280263158,0.274561404
126,Actor,932,126,0.277631579,0.286842105,0.298684211,0.287719298
891,Actor,932,891,0.277631579,0.286842105,0.289473684,0.284649123
311,Actor,932,311,0.294736842,0.292105263,0.294736842,0.293859649
845,Actor,932,845,0.289473684,0.285526316,0.286842105,0.287280702
593,Actor,932,593,0.290789474,0.281578947,0.302631579,0.291666667
563,Actor,932,563,0.294736842,0.290789474,0.278947368,0.288157895
434,Actor,932,434,0.280263158,0.281578947,0.260526316,0.274122807
140,Actor,932,140,0.272368421,0.272368421,0.269736842,0.271491228
785,Actor,932,785,0.282894737,0.275,0.286842105,0.281578947
575,Actor,932,575,0.271052632,0.281578947,0.275,0.275877193
32,Actor,932,32,0.284210526,0.269736842,0.260526316,0.271491228
142,Actor,932,142,0.286842105,0.277631579,0.290789474,0.285087719
651,Actor,932,651,0.292105263,0.280263158,0.273684211,0.282017544
389,Actor,932,389,0.282894737,0.280263158,0.276315789,0.279824561
844,Actor,932,844,0.278947368,0.294736842,0.286842105,0.286842105
68,Actor,932,68,0.271052632,0.289473684,0.268421053,0.276315789
383,Actor,932,383,0.271052632,0.277631579,0.278947368,0.275877193
825,Actor,932,825,0.285526316,0.285526316,0.280263158,0.28377193
146,Actor,932,146,0.305263158,0.275,0.273684211,0.284649123
807,Actor,932,807,0.284210526,0.285526316,0.288157895,0.285964912
269,Actor,932,269,0.3,0.284210526,0.267105263,0.28377193
338,Actor,932,338,0.272368421,0.292105263,0.288157895,0.284210526
362,Actor,932,362,0.282894737,0.313157895,0.278947368,0.291666667
677,Actor,932,677,0.277631579,0.298684211,0.285526316,0.287280702
806,Actor,932,806,0.285526316,0.267105263,0.292105263,0.281578947
190,Actor,932,190,0.288157895,0.294736842,0.280263158,0.287719298
131,Actor,932,131,0.275,0.278947368,0.298684211,0.284210526
4,Actor,932,4,0.289473684,0.306578947,0.275,0.290350877
321,Actor,932,321,0.284210526,0.273684211,0.278947368,0.278947368
91,Actor,932,91,0.284210526,0.282894737,0.289473684,0.285526316
642,Actor,932,642,0.275,0.275,0.260526316,0.270175439
336,Actor,932,336,0.281578947,0.298684211,0.282894737,0.287719298
359,Actor,932,359,0.275,0.271052632,0.264473684,0.270175439
26,Actor,932,26,0.296052632,0.3,0.284210526,0.293421053
892,Actor,932,892,0.310526316,0.296052632,0.269736842,0.292105263
109,Actor,932,109,0.289473684,0.272368421,0.293421053,0.285087719
453,Actor,932,453,0.265789474,0.276315789,0.269736842,0.270614035
134,Actor,932,134,0.289473684,0.289473684,0.263157895,0.280701754
314,Actor,932,314,0.265789474,0.267105263,0.298684211,0.277192982
79,Actor,932,79,0.292105263,0.268421053,0.284210526,0.281578947
646,Actor,932,646,0.284210526,0.278947368,0.296052632,0.286403509
683,Actor,932,683,0.271052632,0.280263158,0.286842105,0.279385965
435,Actor,932,435,0.284210526,0.267105263,0.297368421,0.282894737
181,Actor,932,181,0.309210526,0.285526316,0.289473684,0.294736842
423,Actor,932,423,0.285526316,0.293421053,0.297368421,0.292105263
709,Actor,932,709,0.290789474,0.292105263,0.271052632,0.284649123
2,Actor,932,2,0.293421053,0.296052632,0.276315789,0.288596491
917,Actor,932,917,0.286842105,0.273684211,0.276315789,0.278947368
538,Actor,932,538,0.269736842,0.281578947,0.280263158,0.277192982
102,Actor,932,102,0.278947368,0.303947368,0.277631579,0.286842105
643,Actor,932,643,0.306578947,0.303947368,0.281578947,0.297368421
429,Actor,932,429,0.297368421,0.265789474,0.286842105,0.283333333
196,Actor,932,196,0.282894737,0.289473684,0.285526316,0.285964912
549,Actor,932,549,0.297368421,0.288157895,0.294736842,0.293421053
268,Actor,932,268,0.284210526,0.303947368,0.277631579,0.288596491
92,Actor,932,92,0.290789474,0.281578947,0.278947368,0.28377193
696,Actor,932,696,0.284210526,0.302631579,0.309210526,0.298684211
718,Actor,932,718,0.286842105,0.275,0.292105263,0.284649123
394,Actor,932,394,0.269736842,0.292105263,0.271052632,0.277631579
177,Actor,932,177,0.273684211,0.276315789,0.282894737,0.277631579
635,Actor,932,635,0.261842105,0.284210526,0.294736842,0.280263158
430,Actor,932,430,0.288157895,0.277631579,0.288157895,0.284649123
629,Actor,932,629,0.284210526,0.289473684,0.290789474,0.288157895
518,Actor,932,518,0.301315789,0.306578947,0.272368421,0.293421053
164,Actor,932,164,0.281578947,0.276315789,0.292105263,0.283333333
103,Actor,932,103,0.267105263,0.276315789,0.290789474,0.278070175
188,Actor,932,188,0.273684211,0.303947368,0.277631579,0.285087719
889,Actor,932,889,0.278947368,0.281578947,0.277631579,0.279385965
792,Actor,932,792,0.268421053,0.298684211,0.282894737,0.283333333
392,Actor,932,392,0.269736842,0.288157895,0.267105263,0.275
522,Actor,932,522,0.301315789,0.265789474,0.280263158,0.28245614
741,Actor,932,741,0.292105263,0.293421053,0.260526316,0.282017544
403,Actor,932,403,0.284210526,0.298684211,0.282894737,0.288596491
743,Actor,932,743,0.284210526,0.285526316,0.293421053,0.287719298
276,Actor,932,276,0.281578947,0.272368421,0.281578947,0.278508772
377,Actor,932,377,0.286842105,0.294736842,0.273684211,0.285087719
310,Actor,932,310,0.282894737,0.275,0.284210526,0.280701754
370,Actor,932,370,0.298684211,0.265789474,0.281578947,0.282017544
484,Actor,932,484,0.263157895,0.272368421,0.281578947,0.272368421
153,Actor,932,153,0.285526316,0.285526316,0.296052632,0.289035088
262,Actor,932,262,0.290789474,0.272368421,0.285526316,0.282894737
841,Actor,932,841,0.296052632,0.280263158,0.284210526,0.286842105
264,Actor,932,264,0.269736842,0.271052632,0.281578947,0.274122807
555,Actor,932,555,0.277631579,0.288157895,0.280263158,0.282017544
437,Actor,932,437,0.278947368,0.284210526,0.280263158,0.281140351
925,Actor,932,925,0.284210526,0.281578947,0.281578947,0.28245614
418,Actor,932,418,0.281578947,0.289473684,0.282894737,0.284649123
285,Actor,932,285,0.275,0.277631579,0.288157895,0.280263158
386,Actor,932,386,0.293421053,0.277631579,0.290789474,0.287280702
641,Actor,932,641,0.297368421,0.278947368,0.273684211,0.283333333
753,Actor,932,753,0.288157895,0.284210526,0.285526316,0.285964912
50,Actor,932,50,0.293421053,0.271052632,0.281578947,0.282017544
815,Actor,932,815,0.282894737,0.292105263,0.282894737,0.285964912
107,Actor,932,107,0.284210526,0.284210526,0.303947368,0.290789474
158,Actor,932,158,0.272368421,0.290789474,0.267105263,0.276754386
656,Actor,932,656,0.285526316,0.277631579,0.293421053,0.285526316
67,Actor,932,67,0.292105263,0.277631579,0.271052632,0.280263158
412,Actor,932,412,0.268421053,0.278947368,0.284210526,0.277192982
63,Actor,932,63,0.276315789,0.285526316,0.284210526,0.282017544
260,Actor,932,260,0.293421053,0.288157895,0.284210526,0.288596491
279,Actor,932,279,0.297368421,0.280263158,0.278947368,0.285526316
506,Actor,932,506,0.294736842,0.306578947,0.273684211,0.291666667
111,Actor,932,111,0.305263158,0.277631579,0.313157895,0.298684211
765,Actor,932,765,0.306578947,0.286842105,0.273684211,0.289035088
396,Actor,932,396,0.271052632,0.281578947,0.273684211,0.275438596
920,Actor,932,920,0.292105263,0.269736842,0.303947368,0.288596491
782,Actor,932,782,0.277631579,0.278947368,0.318421053,0.291666667
385,Actor,932,385,0.265789474,0.298684211,0.272368421,0.278947368
621,Actor,932,621,0.284210526,0.280263158,0.259210526,0.274561404
871,Actor,932,871,0.290789474,0.289473684,0.288157895,0.289473684
760,Actor,932,760,0.277631579,0.282894737,0.280263158,0.280263158
382,Actor,932,382,0.276315789,0.289473684,0.284210526,0.283333333
207,Actor,932,207,0.280263158,0.315789474,0.269736842,0.288596491
887,Actor,932,887,0.282894737,0.277631579,0.293421053,0.284649123
113,Actor,932,113,0.288157895,0.276315789,0.277631579,0.280701754
852,Actor,932,852,0.275,0.289473684,0.286842105,0.28377193
149,Actor,932,149,0.280263158,0.284210526,0.277631579,0.280701754
413,Actor,932,413,0.303947368,0.293421053,0.298684211,0.298684211
843,Actor,932,843,0.281578947,0.281578947,0.282894737,0.282017544
837,Actor,932,837,0.288157895,0.282894737,0.267105263,0.279385965
859,Actor,932,859,0.280263158,0.268421053,0.277631579,0.275438596
6,Actor,932,6,0.261842105,0.278947368,0.275,0.271929825
921,Actor,932,921,0.280263158,0.293421053,0.286842105,0.286842105
273,Actor,932,273,0.296052632,0.296052632,0.280263158,0.290789474
507,Actor,932,507,0.286842105,0.271052632,0.303947368,0.287280702
128,Actor,932,128,0.280263158,0.290789474,0.276315789,0.28245614
292,Actor,932,292,0.282894737,0.293421053,0.277631579,0.284649123
39,Actor,932,39,0.271052632,0.282894737,0.294736842,0.282894737
511,Actor,932,511,0.282894737,0.271052632,0.277631579,0.277192982
463,Actor,932,463,0.307894737,0.284210526,0.265789474,0.285964912
914,Actor,932,914,0.272368421,0.277631579,0.264473684,0.271491228
194,Actor,932,194,0.269736842,0.293421053,0.293421053,0.285526316
410,Actor,932,410,0.301315789,0.273684211,0.296052632,0.290350877
143,Actor,932,143,0.284210526,0.282894737,0.269736842,0.278947368
19,Actor,932,19,0.277631579,0.286842105,0.286842105,0.28377193
568,Actor,932,568,0.292105263,0.303947368,0.290789474,0.295614035
847,Actor,932,847,0.260526316,0.251315789,0.290789474,0.26754386
284,Actor,932,284,0.271052632,0.273684211,0.285526316,0.276754386
447,Actor,932,447,0.284210526,0.269736842,0.277631579,0.277192982
323,Actor,932,323,0.276315789,0.275,0.265789474,0.272368421
842,Actor,932,842,0.289473684,0.272368421,0.281578947,0.281140351
812,Actor,932,812,0.290789474,0.275,0.286842105,0.284210526
439,Actor,932,439,0.276315789,0.276315789,0.288157895,0.280263158
464,Actor,932,464,0.281578947,0.278947368,0.296052632,0.285526316
863,Actor,932,863,0.297368421,0.277631579,0.275,0.283333333
129,Actor,932,129,0.269736842,0.297368421,0.280263158,0.28245614
560,Actor,932,560,0.284210526,0.269736842,0.286842105,0.280263158
813,Actor,932,813,0.284210526,0.285526316,0.293421053,0.287719298
137,Actor,932,137,0.269736842,0.284210526,0.290789474,0.281578947
183,Actor,932,183,0.285526316,0.298684211,0.275,0.286403509
497,Actor,932,497,0.280263158,0.298684211,0.276315789,0.285087719
243,Actor,932,243,0.280263158,0.310526316,0.278947368,0.289912281
931,Actor,932,931,0.309210526,0.310526316,0.269736842,0.296491228
132,Actor,932,132,0.305263158,0.284210526,0.298684211,0.296052632
551,Actor,932,551,0.284210526,0.276315789,0.285526316,0.282017544
9,Actor,932,9,0.276315789,0.314473684,0.288157895,0.292982456
675,Actor,932,675,0.271052632,0.285526316,0.272368421,0.276315789
278,Actor,932,278,0.275,0.257894737,0.269736842,0.26754386
579,Actor,932,579,0.271052632,0.269736842,0.296052632,0.278947368
53,Actor,932,53,0.294736842,0.278947368,0.290789474,0.288157895
669,Actor,932,669,0.303947368,0.294736842,0.302631579,0.300438596
739,Actor,932,739,0.284210526,0.298684211,0.264473684,0.28245614
817,Actor,932,817,0.275,0.285526316,0.276315789,0.278947368
854,Actor,932,854,0.268421053,0.284210526,0.292105263,0.281578947
303,Actor,932,303,0.318421053,0.278947368,0.273684211,0.290350877
851,Actor,932,851,0.272368421,0.286842105,0.285526316,0.281578947
902,Actor,932,902,0.280263158,0.290789474,0.281578947,0.284210526
141,Actor,932,141,0.281578947,0.280263158,0.261842105,0.274561404
369,Actor,932,369,0.284210526,0.278947368,0.281578947,0.281578947
170,Actor,932,170,0.285526316,0.273684211,0.263157895,0.274122807
860,Actor,932,860,0.298684211,0.276315789,0.288157895,0.287719298
